Tm,Attendance,Attend/G,BatAge,PAge,BPF,PPF,#HOF,#A-S,#a-tA-S,Est. Payroll,Time,Chall,Succ,Succ%,Managers,Year
ARI,"2,134,375","26,350",28.3,28.7,108,108,0,4,9,"$106,580,200 ",3:09,32,16,50%,Lovullo,2017
ATL,"2,505,252","30,929",28.6,29.4,98,98,0,1,9,"$119,705,250 ",3:04,47,19,40%,Snitker,2017
BAL,"2,028,424","25,042",28.6,28.2,99,99,0,1,14,"$161,621,633 ",3:09,26,17,65%,Showalter,2017
BOS,"2,917,678","36,021",27.3,28.4,107,106,0,3,14,"$200,550,750 ",3:20,43,16,37%,Farrell,2017
CHC,"3,199,562","39,501",27.1,30.8,103,102,0,1,13,"$177,210,667 ",3:09,53,28,52%,Maddon,2017
CHW,"1,629,470","20,117",26.7,28.7,96,97,0,1,9,"$97,842,000 ",3:10,35,17,48%,Renteria,2017
CIN,"1,836,917","22,678",27.2,27.6,100,101,0,2,5,"$79,315,786 ",3:03,38,19,50%,Price,2017
CLE,"2,048,138","25,286",28.1,28.9,108,107,0,5,9,"$114,427,167 ",3:06,32,15,46%,Francona,2017
COL,"2,953,650","36,465",28.3,27,116,116,0,4,8,"$106,650,000 ",3:11,38,16,42%,Black,2017
DET,"2,321,599","28,662",29.6,28.3,104,105,0,2,12,"$118,375,600 ",3:14,37,16,43%,Ausmus,2017
HOU,"2,403,671","29,675",28.8,28.5,92,90,0,6,12,"$157,656,400 ",3:10,39,18,46%,Hinch,2017
KCR,"2,220,370","27,412",28.9,30.3,100,101,0,3,15,"$127,555,817 ",3:02,34,24,70%,Yost,2017
LAA,"3,019,585","37,279",29.9,29.1,97,97,0,1,6,"$181,125,500 ",3:11,39,21,53%,Scioscia,2017
LAD,"3,765,856","46,492",27.9,29.7,97,95,0,6,16,"$201,466,263 ",3:11,36,23,63%,Roberts,2017
MIA,"1,583,014","20,295",28.3,28.7,92,93,0,2,8,"$111,591,100 ",3:06,35,18,51%,Mattingly,2017
MIL,"2,627,705","31,282",27.4,28.3,102,102,0,1,4,"$68,439,300 ",3:10,43,17,39%,Counsell,2017
MIN,"2,051,279","25,324",27.1,29.6,98,99,0,3,10,"$103,932,500 ",3:11,28,19,67%,Molitor,2017
NYM,"2,460,622","30,378",28.9,27.5,96,96,0,1,11,"$176,615,252 ",3:09,39,23,58%,Collins,2017
NYY,"3,154,938","38,950",28.6,27.8,104,103,0,5,16,"$182,424,700 ",3:16,40,30,75%,Girardi,2017
OAK,"1,475,721","18,219",28.7,27.9,95,95,0,1,5,"$51,560,000 ",3:09,32,16,50%,Melvin,2017
PHI,"1,905,354","23,523",26.6,26.8,97,98,0,1,6,"$86,841,000 ",3:08,29,17,58%,Mackanin,2017
PIT,"1,919,447","23,697",28.2,27.1,99,99,0,1,6,"$102,953,333 ",3:07,49,31,63%,Hurdle,2017
SDP,"2,138,491","26,401",26.2,27.7,95,96,0,1,6,"$49,248,767 ",3:00,42,17,40%,Green,2017
SEA,"2,135,445","26,364",29.6,27.8,97,97,0,2,9,"$172,438,700 ",3:06,34,17,50%,Servais,2017
SFG,"3,303,652","40,786",29.5,28.9,98,98,0,1,14,"$177,399,833 ",3:04,31,19,61%,Bochy,2017
STL,"3,448,337","42,572",28,28.3,99,98,0,2,13,"$129,652,933 ",3:04,50,26,52%,Matheny,2017
TBR,"1,253,619","15,477",28.3,27.6,94,95,0,1,9,"$79,473,033 ",3:13,59,29,49%,Cash,2017
TEX,"2,507,760","30,960",28.4,28.8,107,107,0,1,9,"$207,326,274 ",3:13,62,33,53%,Banister,2017
TOR,"3,203,886","39,554",31,28.8,104,104,0,2,12,"$158,890,575 ",3:09,45,12,26%,Gibbons,2017
WSN,"2,524,980","31,173",29.2,30.1,102,100,0,5,12,"$175,587,301 ",3:09,32,12,37%,Baker,2017
ARI,"2,036,216","25,138",26.7,26.4,107,107,0,1,11,"$78,399,500 ",3:14,37,22,59%,Hale,2016
ATL,"2,020,914","24,950",28.9,26.4,98,99,0,1,10,"$74,999,750 ",3:08,42,18,42%,Gonzalez and Snitker,2016
BAL,"2,172,344","26,819",28.5,27.9,102,102,0,5,16,"$153,744,833 ",3:00,39,20,51%,Showalter,2016
BOS,"2,955,434","36,487",28.5,29,106,106,0,6,16,"$218,682,750 ",3:12,46,20,43%,Farrell,2016
CHC,"3,232,420","39,906",27.4,29.9,101,100,0,7,14,"$176,097,333 ",3:05,42,21,50%,Maddon,2016
CHW,"1,746,293","21,559",28.3,28.6,96,96,0,2,13,"$113,416,000 ",3:03,39,20,51%,Ventura,2016
CIN,"1,894,085","23,384",27.8,27.1,101,102,0,2,8,"$77,329,561 ",3:04,51,25,49%,Price,2016
CLE,"1,591,667","19,650",29,28.1,109,107,0,3,9,"$94,511,067 ",3:03,49,28,57%,Francona,2016
COL,"2,602,524","32,130",27.8,27.7,116,116,0,2,4,"$89,707,000 ",3:11,54,32,59%,Weiss,2016
DET,"2,493,859","31,173",30,29,100,101,0,1,11,"$199,902,000 ",3:05,34,19,55%,Ausmus,2016
HOU,"2,306,623","28,477",26.4,28.9,94,93,0,2,10,"$89,498,000 ",3:04,37,16,43%,Hinch,2016
KCR,"2,557,712","31,577",28.5,29.9,102,102,0,4,13,"$125,132,675 ",2:59,37,25,67%,Yost,2016
LAA,"3,016,142","37,236",28.5,28.4,95,95,0,1,8,"$139,712,000 ",3:04,38,21,55%,Scioscia,2016
LAD,"3,703,312","45,720",28.9,28.9,97,96,0,3,15,"$231,342,096 ",3:10,35,19,54%,Roberts,2016
MIA,"1,712,417","21,405",28.3,28,93,94,0,4,9,"$72,472,000 ",3:05,53,34,64%,Mattingly,2016
MIL,"2,314,614","28,575",27.5,28.1,102,102,0,1,5,"$52,077,500 ",3:08,47,22,46%,Counsell,2016
MIN,"1,963,912","24,246",26.9,28.3,100,100,0,1,10,"$93,333,700 ",3:05,28,17,60%,Molitor,2016
NYM,"2,789,602","34,440",29.5,28.4,96,96,0,4,12,"$155,221,282 ",3:05,28,18,64%,Collins,2016
NYY,"3,063,405","37,820",30.1,27.9,103,102,0,3,18,"$193,229,350 ",3:03,28,18,64%,Girardi,2016
OAK,"1,521,506","18,784",28.7,27.9,96,97,0,1,5,"$54,969,067 ",2:56,34,22,64%,Melvin,2016
PHI,"1,915,144","23,644",26.9,26.3,99,100,0,1,4,"$84,846,666 ",3:03,46,26,56%,Mackanin,2016
PIT,"2,249,201","27,768",28.9,28.6,99,99,0,2,12,"$81,187,933 ",3:11,55,25,45%,Hurdle,2016
SDP,"2,351,422","29,030",28.1,28.1,95,95,0,2,11,"$50,656,166 ",3:06,57,27,47%,Green,2016
SEA,"2,267,928","27,999",30.5,28.8,96,96,0,1,6,"$137,169,100 ",3:02,37,22,59%,Servais,2016
SFG,"3,365,256","41,546",29.1,30,96,96,0,4,14,"$177,021,333 ",3:10,49,31,63%,Bochy,2016
STL,"3,444,490","42,525",28.5,28,98,97,0,2,12,"$150,353,500 ",3:01,54,28,51%,Matheny,2016
TBR,"1,286,163","15,879",27.7,26.9,95,95,0,1,7,"$48,223,791 ",3:01,49,29,59%,Cash,2016
TEX,"2,710,402","33,462",28.4,28.8,107,108,0,2,9,"$212,117,760 ",3:00,51,23,45%,Banister,2016
TOR,"3,392,099","41,878",30.1,29.8,102,101,0,5,15,"$182,690,767 ",3:00,49,19,38%,Gibbons,2016
WSN,"2,481,938","30,641",28.8,29.1,103,102,0,5,10,"$152,967,400 ",3:08,47,19,40%,Baker,2016
ARI,"2,080,145","25,681",26.6,27.1,105,105,0,2,8,"$64,434,000 ",3:10,34,21,61%,Hale,2015
ATL,"2,001,392","24,709",28.8,26.6,97,98,0,1,11,"$104,037,500 ",2:55,46,22,47%,Gonzalez,2015
BAL,"2,281,202","29,246",27.9,28.3,102,102,0,4,12,"$112,989,833 ",2:55,30,17,56%,Showalter,2015
BOS,"2,880,694","35,564",28.3,28.6,107,107,0,1,19,"$183,931,900 ",3:06,52,21,40%,Farrell,2015
CHC,"2,919,122","36,039",26.9,29.3,98,97,0,2,14,"$115,306,610 ",3:02,48,28,58%,Maddon,2015
CHW,"1,755,810","21,677",28.2,27.8,96,97,0,1,10,"$112,889,700 ",3:00,41,21,51%,Ventura,2015
CIN,"2,419,506","29,870",29.5,27.3,100,101,0,2,11,"$111,572,286 ",3:02,33,20,60%,Price,2015
CLE,"1,388,905","17,361",28,27.3,107,107,0,1,9,"$59,163,766 ",3:00,28,15,53%,Francona,2015
COL,"2,506,789","30,948",28,28.7,118,118,0,3,8,"$96,438,600 ",3:06,47,25,53%,Weiss,2015
DET,"2,726,048","33,655",28.3,28.7,99,99,0,4,14,"$172,284,750 ",3:09,27,11,40%,Ausmus,2015
HOU,"2,153,585","26,587",26.3,29.4,97,97,0,2,11,"$93,256,200 ",3:03,48,23,47%,Hinch,2015
KCR,"2,708,549","33,439",29.1,30,104,104,0,7,16,"$121,590,475 ",3:00,33,21,63%,Yost,2015
LAA,"3,012,765","37,195",28.7,28.3,94,94,0,3,10,"$131,522,500 ",3:00,40,24,60%,Scioscia,2015
LAD,"3,764,815","46,479",29.5,28.1,95,94,0,5,16,"$265,140,429 ",3:03,41,17,41%,Mattingly,2015
MIA,"1,752,235","21,633",27.9,27.3,96,97,0,2,10,"$71,231,500 ",2:51,31,19,61%,Redmond and Jennings,2015
MIL,"2,542,558","31,390",28.1,28.4,100,101,0,2,9,"$70,869,500 ",3:01,30,16,53%,Roenicke and Counsell,2015
MIN,"2,220,054","27,408",28.3,29.1,100,101,0,2,9,"$107,755,000 ",2:57,42,26,61%,Molitor,2015
NYM,"2,569,753","31,725",28.6,28.2,97,97,0,1,12,"$98,874,473 ",2:56,35,19,54%,Collins,2015
NYY,"3,193,795","39,430",31.4,27.4,101,101,0,3,15,"$214,051,957 ",3:08,30,22,73%,Girardi,2015
OAK,"1,768,175","21,829",27.9,27.8,97,97,0,2,11,"$64,016,001 ",3:01,29,15,51%,Melvin,2015
PHI,"1,831,080","22,606",28,28.5,97,98,0,1,10,"$103,082,167 ",2:58,38,24,63%,Sandberg and Mackanin,2015
PIT,"2,498,596","30,847",28.2,29.6,99,99,0,4,13,"$104,457,499 ",3:06,44,25,56%,Hurdle,2015
SDP,"2,459,752","30,367",27.6,29.1,95,95,0,1,8,"$125,203,700 ",3:01,43,19,44%,"Black, Roberts and Murphy",2015
SEA,"2,193,581","27,081",28.6,28.6,95,95,0,2,8,"$130,681,400 ",3:01,38,27,71%,McClendon,2015
SFG,"3,375,882","41,678",28.9,31.5,99,98,0,4,13,"$180,018,166 ",3:02,38,21,55%,Bochy,2015
STL,"3,520,889","43,468",28.4,28.2,101,100,0,6,14,"$128,241,500 ",2:59,31,16,51%,Matheny,2015
TBR,"1,287,054","15,322",28.5,26.7,96,97,0,2,8,"$64,571,233 ",2:59,54,17,31%,Cash,2015
TEX,"2,491,875","30,764",28.7,28.1,105,105,0,1,9,"$178,860,789 ",3:04,50,17,34%,Banister,2015
TOR,"2,794,891","34,505",29.6,29.2,103,102,0,3,17,"$117,917,400 ",2:53,45,20,44%,Gibbons,2015
WSN,"2,619,843","32,344",28.4,28.6,102,101,0,2,12,"$176,496,372 ",2:54,29,12,41%,Williams,2015
ARI,"2,073,730","25,602",27.6,28,102,102,0,2,13,"$89,926,500 ",3:03,37,19,51%,Gibson and Trammell,2014
ATL,"2,354,305","29,065",26.8,27.3,98,97,0,3,9,"$108,081,500 ",3:04,34,23,67%,Gonzalez,2014
BAL,"2,464,473","30,426",28.3,27.7,103,103,0,3,15,"$109,097,500 ",3:07,28,14,50%,Showalter,2014
BOS,"2,956,089","36,495",29.2,29.9,104,104,0,2,21,"$134,628,929 ",3:17,34,19,55%,Farrell,2014
CHC,"2,652,113","32,742",26.8,28,102,103,0,3,6,"$59,800,500 ",3:12,57,25,43%,Renteria,2014
CHW,"1,650,821","20,381",27.7,27.4,97,98,0,3,7,"$87,475,500 ",3:08,36,17,47%,Ventura,2014
CIN,"2,476,664","30,576",29,28,100,100,0,5,11,"$102,230,000 ",3:03,27,12,44%,Price,2014
CLE,"1,437,393","17,746",28.6,27.2,103,102,0,1,10,"$73,509,399 ",3:12,33,17,51%,Francona,2014
COL,"2,680,329","33,090",27.4,28.5,116,116,0,2,9,"$95,403,500 ",3:12,37,14,37%,Weiss,2014
DET,"2,917,209","36,015",29.8,28.5,101,101,0,4,15,"$169,135,500 ",3:14,39,23,58%,Ausmus,2014
HOU,"1,751,829","21,628",25.4,27.9,100,101,0,1,5,"$44,736,800 ",3:10,31,19,61%,Porter and Lawless,2014
KCR,"1,956,482","24,154",28.2,28.9,104,103,0,3,15,"$89,804,075 ",3:02,35,22,62%,Yost,2014
LAA,"3,095,935","38,221",29.3,28.4,95,94,0,2,13,"$128,667,000 ",3:15,36,20,55%,Scioscia,2014
LAD,"3,782,337","46,696",29.3,29.9,96,95,0,4,20,"$233,386,026 ",3:14,38,21,55%,Mattingly,2014
MIA,"1,732,283","21,386",27.4,26.4,100,101,0,2,10,"$42,365,400 ",3:05,27,19,70%,Redmond,2014
MIL,"2,797,384","34,536",28.8,29,103,103,0,4,12,"$109,567,000 ",3:07,27,17,62%,Roenicke,2014
MIN,"2,250,606","27,785",27.5,29.2,102,102,0,2,8,"$87,044,000 ",3:07,40,21,52%,Gardenhire,2014
NYM,"2,148,808","26,528",28.4,28.9,94,94,0,1,9,"$82,663,615 ",3:08,31,14,45%,Collins,2014
NYY,"3,401,624","41,995",32.8,29.3,100,100,0,3,18,"$258,118,959 ",3:12,30,24,80%,Girardi,2014
OAK,"2,003,628","24,736",29.6,28.2,98,97,0,6,15,"$89,160,900 ",3:05,26,14,53%,Melvin,2014
PHI,"2,423,852","29,924",30.8,30.1,101,102,0,1,12,"$176,444,967 ",3:09,32,14,43%,Sandberg,2014
PIT,"2,442,564","30,155",27.3,28.1,99,98,0,3,13,"$80,729,000 ",3:09,35,20,57%,Hurdle,2014
SDP,"2,195,373","27,103",27.9,28.8,92,92,0,2,6,"$76,662,100 ",3:01,33,17,51%,Black,2014
SEA,"2,064,334","25,486",27.5,29,95,95,0,4,10,"$95,471,000 ",2:59,35,20,57%,McClendon,2014
SFG,"3,368,697","41,589",28.6,31.7,95,94,0,3,16,"$163,510,167 ",3:05,35,22,62%,Bochy,2014
STL,"3,540,649","43,712",28.6,27.2,100,99,0,4,15,"$129,932,500 ",3:03,32,13,40%,Matheny,2014
TBR,"1,446,464","17,858",29.3,28.4,97,97,0,1,11,"$77,814,300 ",3:19,49,21,42%,Maddon,2014
TEX,"2,718,733","33,565",28.4,27.9,104,104,0,2,12,"$129,801,239 ",3:06,43,22,51%,Washington and Bogar,2014
TOR,"2,375,525","29,327",29.2,29.6,100,99,0,3,10,"$136,466,200 ",3:01,47,16,34%,Gibbons,2014
WSN,"2,579,389","31,844",28.8,28.3,104,102,0,2,13,"$137,235,080 ",3:05,32,21,65%,Williams,2014
ARI,"2,134,895","26,357",28.1,27.6,102,103,0,2,11,"$80,060,500 ",3:08,,,,Gibson,2013
ATL,"2,548,679","31,465",26.8,27.2,101,100,0,3,11,"$95,618,750 ",2:59,,,,Gonzalez,2013
BAL,"2,357,561","29,106",27.8,27.9,103,102,0,5,16,"$100,832,000 ",3:01,,,,Showalter,2013
BOS,"2,833,333","34,979",29.6,30.2,103,103,0,3,20,"$175,395,500 ",3:15,,,,Farrell,2013
CHC,"2,642,682","32,626",27.9,28.7,102,103,0,1,9,"$67,874,166 ",3:07,,,,Sveum,2013
CHW,"1,768,413","21,832",29.2,27.1,104,105,0,2,11,"$81,401,900 ",3:02,,,,Ventura,2013
CIN,"2,492,101","31,151",28.5,27.7,101,101,0,3,14,"$106,255,535 ",3:08,,,,Baker,2013
CLE,"1,572,926","19,419",28.7,27.5,95,95,0,2,13,"$87,342,433 ",3:03,,,,Francona,2013
COL,"2,793,828","34,492",27.7,28.3,118,119,0,3,12,"$73,768,000 ",3:05,,,,Weiss,2013
DET,"3,083,397","38,067",30,28.4,104,104,0,6,12,"$154,407,000 ",3:06,,,,Leyland,2013
HOU,"1,651,883","20,394",25.9,27.2,99,101,0,1,5,"$14,672,300 ",3:12,,,,Porter,2013
KCR,"1,750,754","21,614",26.9,28.9,103,103,0,3,15,"$87,426,250 ",2:55,,,,Yost,2013
LAA,"3,019,505","37,278",27.8,29.1,94,94,0,1,10,"$116,532,500 ",3:12,,,,Scioscia,2013
LAD,"3,743,527","46,216",30.6,28.1,96,95,0,1,20,"$254,161,000 ",3:07,,,,Mattingly,2013
MIA,"1,586,322","19,584",27.7,26,102,103,0,1,7,"$24,761,900 ",2:57,,,,Redmond,2013
MIL,"2,531,105","31,248",27.9,28.8,103,103,0,2,11,"$86,945,000 ",3:03,,,,Roenicke,2013
MIN,"2,477,644","30,588",28.3,28.3,101,102,0,2,5,"$63,042,500 ",3:06,,,,Gardenhire,2013
NYM,"2,135,657","26,366",28.3,29.1,94,95,0,2,7,"$69,425,860 ",3:08,,,,Collins,2013
NYY,"3,279,589","40,489",31.9,31.8,100,100,0,2,17,"$246,534,750 ",3:05,,,,Girardi,2013
OAK,"1,809,302","22,337",28.3,28.3,98,97,0,2,14,"$69,440,000 ",3:05,,,,Melvin,2013
PHI,"3,012,403","37,190",30,28.7,100,100,0,2,10,"$150,860,000 ",2:59,,,,Manuel and Sandberg,2013
PIT,"2,256,862","27,862",27.9,28.7,95,95,0,5,18,"$99,230,000 ",3:06,,,,Hurdle,2013
SDP,"2,166,691","26,749",28.1,28.8,91,91,0,1,10,"$65,988,600 ",3:00,,,,Black,2013
SEA,"1,761,546","21,747",28.6,28,92,92,0,2,8,"$78,887,000 ",3:04,,,,Wedge,2013
SFG,"3,369,106","41,087",28.7,29.6,93,92,0,4,12,"$139,845,667 ",3:05,,,,Bochy,2013
STL,"3,369,769","41,602",28.7,26.9,101,100,0,6,15,"$112,583,000 ",3:01,,,,Matheny,2013
TBR,"1,510,300","18,646",29.5,29,97,96,0,2,10,"$71,163,500 ",3:11,,,,Maddon,2013
TEX,"3,178,273","38,759",29.6,27.9,103,103,0,3,15,"$139,261,200 ",3:04,,,,Washington,2013
TOR,"2,536,562","31,316",29,30.9,102,103,0,4,10,"$124,517,800 ",2:55,,,,Gibbons,2013
WSN,"2,652,422","32,746",27.7,27.7,103,101,0,2,13,"$112,493,250 ",2:57,,,,Johnson,2013
ARI,"2,177,617","26,884",28.3,27.4,103,103,0,1,12,"$67,069,833 ",2:58,,,,Gibson,2012
ATL,"2,420,171","29,879",28.5,27.6,102,101,1,4,15,"$86,208,000 ",2:55,,,,Gonzalez,2012
BAL,"2,102,240","25,954",28,27.6,102,103,1,3,15,"$77,949,000 ",3:00,,,,Showalter,2012
BOS,"3,043,003","37,568",29.4,28.7,104,103,0,1,17,"$110,386,000 ",3:09,,,,Valentine,2012
CHC,"2,882,756","35,590",27.8,27.9,101,103,0,2,11,"$86,159,366 ",2:58,,,,Sveum,2012
CHW,"1,965,955","24,271",30,27.5,104,104,0,4,16,"$118,208,000 ",2:54,,,,Ventura,2012
CIN,"2,347,251","28,978",28.8,27.1,104,104,0,3,14,"$80,309,500 ",3:00,,,,Baker,2012
CLE,"1,603,596","19,797",27.8,27.6,94,95,0,2,11,"$78,911,300 ",2:58,,,,Acta and Alomar,2012
COL,"2,630,458","32,475",28.1,28.2,117,117,0,1,13,"$75,485,000 ",3:06,,,,Tracy,2012
DET,"3,028,033","37,383",27.9,28.2,105,104,0,3,10,"$131,394,000 ",2:59,,,,Leyland,2012
HOU,"1,607,733","19,849",26.6,27.2,100,102,0,1,6,"$37,651,000 ",3:02,,,,Mills and DeFrancesco,2012
KCR,"1,739,859","21,480",26.1,27.3,102,102,0,1,11,"$61,747,075 ",2:57,,,,Yost,2012
LAA,"3,061,770","37,800",28.7,30.1,94,93,0,4,16,"$140,581,000 ",2:57,,,,Scioscia,2012
LAD,"3,324,246","41,040",30.4,29,96,96,0,2,15,"$177,033,600 ",3:05,,,,Mattingly,2012
MIA,"2,219,444","27,401",28.3,28.8,102,103,0,1,14,"$107,678,000 ",2:57,,,,Guillen,2012
MIL,"2,831,385","34,955",29.2,29,105,104,0,1,16,"$95,717,000 ",3:08,,,,Roenicke,2012
MIN,"2,776,354","34,276",28.9,27.8,98,100,0,1,8,"$99,066,000 ",2:59,,,,Gardenhire,2012
NYM,"2,242,803","27,689",27.9,30.3,95,96,0,2,9,"$91,621,424 ",2:56,,,,Collins,2012
NYY,"3,542,406","43,733",32.9,30.3,104,103,0,4,20,"$197,977,900 ",3:07,,,,Girardi,2012
OAK,"1,679,013","20,729",27.7,27.9,95,95,0,1,13,"$61,202,500 ",3:02,,,,Melvin,2012
PHI,"3,565,718","44,021",31.1,29.1,102,102,1,3,15,"$171,501,558 ",2:56,,,,Manuel,2012
PIT,"2,091,918","25,826",27.6,30.2,95,95,0,2,14,"$70,077,000 ",3:01,,,,Hurdle,2012
SDP,"2,123,721","26,219",27.4,28,91,91,0,1,11,"$55,494,700 ",2:56,,,,Black,2012
SEA,"1,721,920","21,258",27,27.9,92,93,0,1,12,"$78,235,600 ",2:56,,,,Wedge,2012
SFG,"3,377,371","41,696",27.8,30,89,89,0,4,15,"$117,637,350 ",3:02,,,,Bochy,2012
STL,"3,262,109","40,273",29.2,28.6,98,96,0,6,16,"$112,071,000 ",3:01,,,,Matheny,2012
TBR,"1,559,681","19,255",29.7,28.1,95,94,0,2,12,"$63,368,700 ",3:06,,,,Maddon,2012
TEX,"3,460,280","42,720",29.7,28.8,109,107,0,8,16,"$124,119,900 ",3:00,,,,Washington,2012
TOR,"2,099,663","25,922",27.8,27.8,102,103,0,1,8,"$82,352,700 ",2:58,,,,Farrell,2012
WSN,"2,370,794","29,269",27.2,27,101,101,0,4,14,"$92,386,000 ",3:03,,,,Johnson,2012
ARI,"2,105,432","25,993",28.2,27.4,103,103,0,2,12,"$54,823,166 ",2:53,,,,Gibson,2011
ATL,"2,372,940","29,296",28.9,28.4,101,100,1,5,17,"$93,855,132 ",2:56,,,,Gonzalez,2011
BAL,"1,755,461","21,672",28.3,28.2,102,103,1,1,14,"$88,299,038 ",2:54,,,,Showalter,2011
BOS,"3,054,001","37,704",30.1,30.3,105,105,0,6,20,"$166,662,475 ",3:13,,,,Francona,2011
CHC,"3,017,966","37,259",29.3,29.4,101,102,0,1,14,"$136,547,329 ",2:58,,,,Quade,2011
CHW,"2,001,117","24,705",30,28.5,106,106,0,2,14,"$127,789,000 ",2:49,,,,Guillen and Cooper,2011
CIN,"2,213,588","27,328",28.6,27.7,104,103,0,4,17,"$77,297,134 ",3:03,,,,Baker,2011
CLE,"1,840,835","22,726",27.8,26.7,94,96,1,2,11,"$49,426,566 ",2:56,,,,Acta,2011
COL,"2,909,777","35,923",28.6,27.7,119,119,0,1,13,"$91,648,071 ",3:03,,,,Tracy,2011
DET,"2,642,045","32,618",28.6,27.8,102,101,0,5,11,"$106,875,231 ",3:00,,,,Leyland,2011
FLA,"1,520,562","18,772",27.4,28,101,102,0,1,11,"$57,694,000 ",2:58,,,,"Rodriguez, Hyde and McKeon",2011
HOU,"2,067,016","25,519",28.2,27.2,98,99,0,1,6,"$71,110,500 ",2:56,,,,Mills,2011
KCR,"1,724,450","21,290",25.8,26.4,99,100,0,1,12,"$35,712,000 ",2:54,,,,Yost,2011
LAA,"3,166,321","39,090",28.9,28.4,92,92,0,3,13,"$138,543,166 ",2:53,,,,Scioscia,2011
LAD,"2,935,139","36,236",29.8,28.6,96,96,0,3,14,"$103,785,477 ",3:02,,,,Mattingly,2011
MIL,"3,071,373","37,918",28.9,29.3,103,103,0,3,14,"$86,636,333 ",2:56,,,,Roenicke,2011
MIN,"3,168,116","39,113",27.5,28.5,99,99,1,1,9,"$112,737,000 ",2:50,,,,Gardenhire,2011
NYM,"2,352,596","29,044",28,30,96,96,0,2,11,"$151,897,309 ",2:59,,,,Collins,2011
NYY,"3,653,680","45,107",30.6,31,106,105,0,8,20,"$206,275,028 ",3:08,,,,Girardi,2011
OAK,"1,476,791","18,232",29.1,27.4,98,98,0,1,8,"$67,094,000 ",2:53,,,,Geren and Melvin,2011
PHI,"3,680,718","45,441",31.4,29.2,101,100,0,5,17,"$172,976,379 ",2:52,,,,Manuel,2011
PIT,"1,940,429","23,956",27.2,28.1,95,97,0,3,11,"$45,047,000 ",3:00,,,,Hurdle,2011
SDP,"2,143,018","26,457",28,28.1,93,93,0,1,9,"$45,869,140 ",2:52,,,,Black,2011
SEA,"1,896,321","23,411",29.3,26.8,90,92,0,3,12,"$86,110,600 ",2:46,,,,Wedge,2011
SFG,"3,387,303","41,819",30.2,28.5,92,91,0,5,15,"$124,198,333 ",2:54,,,,Bochy,2011
STL,"3,093,954","38,197",29.3,30.2,98,97,0,3,14,"$105,433,572 ",2:55,,,,La Russa,2011
TBR,"1,529,188","18,879",28.2,27.8,93,92,0,3,10,"$41,053,571 ",2:58,,,,Maddon,2011
TEX,"2,946,949","36,382",29.1,28.8,109,108,0,5,15,"$93,799,264 ",2:55,,,,Washington,2011
TOR,"1,818,103","22,446",28.3,27.6,104,104,0,2,6,"$64,567,800 ",2:55,,,,Farrell,2011
WSN,"1,940,478","24,256",28.4,27.6,100,100,1,1,10,"$68,492,928 ",2:57,,,,"Riggleman, McLaren and Johnson",2011
ARI,"2,056,697","25,391",26.8,27.9,105,105,0,1,8,"$61,368,166 ",2:58,,,,Hinch and Gibson,2010
ATL,"2,510,119","30,989",28.6,30.1,98,97,1,6,18,"$84,423,666 ",2:56,,,,Cox,2010
BAL,"1,733,019","21,395",28.6,28.4,99,100,0,1,13,"$81,612,500 ",2:53,,,,"Trembley, Samuel and Showalter",2010
BOS,"3,046,445","37,610",30.9,29.6,106,105,0,6,19,"$164,507,333 ",3:10,,,,Francona,2010
CHC,"3,062,973","37,814",29.4,28.2,104,105,0,1,12,"$146,609,002 ",2:50,,,,Piniella and Quade,2010
CHW,"2,194,378","27,091",30.7,29,103,103,0,2,16,"$107,195,000 ",2:47,,,,Guillen,2010
CIN,"2,060,550","25,439",29,28.2,102,101,0,4,14,"$75,321,542 ",2:56,,,,Baker,2010
CLE,"1,391,644","17,181",27.2,26.6,94,95,0,1,10,"$61,203,966 ",2:54,,,,Acta,2010
COL,"2,875,245","35,497",28.8,28.1,115,115,0,2,10,"$90,677,000 ",3:00,,,,Tracy,2010
DET,"2,461,237","30,386",29,26.5,102,101,0,3,11,"$124,039,928 ",2:54,,,,Leyland,2010
FLA,"1,524,894","18,826",26.9,27.1,103,103,0,2,6,"$57,454,719 ",2:55,,,,Gonzalez and Rodriguez,2010
HOU,"2,331,490","28,784",29.5,29.6,97,98,0,1,7,"$93,216,000 ",2:49,,,,Mills,2010
KCR,"1,615,327","19,942",28.9,27.5,99,101,0,1,8,"$73,105,210 ",2:51,,,,Hillman and Yost,2010
LAA,"3,250,814","40,134",29.7,28.3,96,96,0,2,15,"$104,963,866 ",2:54,,,,Scioscia,2010
LAD,"3,562,320","43,979",30.3,28.1,96,96,0,4,18,"$95,358,016 ",3:01,,,,Torre,2010
MIL,"2,776,531","34,278",27.8,29.2,100,100,1,3,15,"$81,108,278 ",3:03,,,,Macha,2010
MIN,"3,223,640","39,798",28.4,28.6,98,98,1,2,14,"$97,559,166 ",2:51,,,,Gardenhire,2010
NYM,"2,559,738","31,602",28.4,29.5,97,97,0,2,10,"$134,422,942 ",2:57,,,,Manuel,2010
NYY,"3,765,807","46,491",30.3,30.3,106,104,0,8,21,"$210,733,389 ",3:09,,,,Girardi,2010
OAK,"1,418,391","17,511",27.8,26,99,99,0,2,8,"$57,904,900 ",2:44,,,,Geren,2010
PHI,"3,777,322","44,968",31.8,31.1,102,101,0,3,17,"$141,928,379 ",2:54,,,,Manuel,2010
PIT,"1,613,399","19,919",26.5,28.6,98,100,0,1,8,"$37,443,000 ",2:52,,,,Russell,2010
SDP,"2,131,774","26,318",29.1,27.2,91,91,0,2,10,"$37,799,300 ",2:56,,,,Black,2010
SEA,"2,085,630","25,749",29.6,27.1,93,95,1,1,14,"$86,510,000 ",2:43,,,,Wakamatsu and Brown,2010
SFG,"3,037,443","37,499",29.6,27.9,97,97,0,2,11,"$98,641,333 ",2:52,,,,Bochy,2010
STL,"3,301,218","40,756",28.8,30.2,97,96,0,5,14,"$93,540,751 ",2:52,,,,La Russa,2010
TBR,"1,864,999","23,025",27.5,28,95,94,0,4,14,"$71,923,471 ",3:02,,,,Maddon,2010
TEX,"2,505,171","30,928",28.3,27.6,109,108,1,6,15,"$56,474,374 ",2:57,,,,Washington,2010
TOR,"1,495,482","19,173",29.3,28,102,101,0,3,8,"$62,734,000 ",2:48,,,,Gaston,2010
WSN,"1,828,066","22,569",29.1,28,99,100,1,1,12,"$67,701,000 ",2:57,,,,Riggleman,2010
ARI,"2,128,765","26,281",26.5,27.7,105,106,0,2,10,"$75,920,666 ",2:56,,,,Melvin and Hinch,2009
ATL,"2,373,631","29,304",28.8,28.9,99,98,1,1,11,"$99,593,166 ",2:54,,,,Cox,2009
BAL,"1,907,163","23,545",28.7,28.1,101,102,0,1,13,"$69,904,166 ",2:52,,,,Trembley,2009
BOS,"3,062,699","37,811",30,29.8,105,104,1,6,22,"$125,439,499 ",3:06,,,,Francona,2009
CHC,"3,168,859","39,611",29.9,28.4,107,106,0,1,11,"$139,652,000 ",2:52,,,,Piniella,2009
CHW,"2,284,163","28,200",29.8,29.5,105,105,1,1,16,"$101,081,000 ",2:46,,,,Guillen,2009
CIN,"1,747,919","21,579",27.8,29,100,100,0,1,12,"$78,979,000 ",2:58,,,,Baker,2009
CLE,"1,766,242","21,805",27.4,27.8,95,95,0,1,11,"$85,224,866 ",3:01,,,,Wedge,2009
COL,"2,665,080","32,902",27.8,28.5,112,112,0,2,12,"$79,250,200 ",2:57,,,,Hurdle and Tracy,2009
DET,"2,567,165","31,693",29.8,26.6,101,101,0,4,11,"$119,510,145 ",2:50,,,,Leyland,2009
FLA,"1,464,109","18,075",27,26.3,102,102,0,2,6,"$40,029,000 ",3:00,,,,Gonzalez,2009
HOU,"2,521,076","31,124",31.6,31.2,98,98,1,2,12,"$105,804,414 ",2:51,,,,Cooper and Clark,2009
KCR,"1,797,891","22,196",27.6,28.7,97,99,0,1,6,"$76,817,333 ",2:54,,,,Hillman,2009
LAA,"3,240,386","40,005",29.6,28.6,99,98,1,3,14,"$118,169,000 ",2:56,,,,Scioscia,2009
LAD,"3,761,655","46,440",29.7,27.8,95,95,1,3,19,"$102,117,592 ",3:08,,,,Torre,2009
MIL,"3,037,451","37,499",29.3,30,98,98,1,3,11,"$81,384,502 ",3:00,,,,Macha,2009
MIN,"2,416,237","29,466",27.6,27.9,98,98,0,3,11,"$67,804,266 ",2:56,,,,Gardenhire,2009
NYM,"3,168,571","39,118",29.5,29.2,97,97,0,4,13,"$151,994,237 ",2:55,,,,Manuel,2009
NYY,"3,719,358","45,918",30.6,29.3,105,103,0,3,17,"$210,330,039 ",3:11,,,,Girardi,2009
OAK,"1,408,783","17,392",29.1,25.7,98,98,0,1,7,"$65,945,000 ",2:50,,,,Geren,2009
PHI,"3,600,693","44,453",31.3,31.2,101,100,1,5,13,"$115,479,046 ",2:56,,,,Manuel,2009
PIT,"1,577,853","19,480",27,26.3,98,99,0,2,9,"$51,912,500 ",2:49,,,,Russell,2009
SDP,"1,919,603","23,699",28,26.8,90,90,0,2,10,"$50,954,200 ",2:55,,,,Black,2009
SEA,"2,195,533","27,105",29.9,27.4,94,95,1,2,9,"$100,134,166 ",2:46,,,,Wakamatsu,2009
SFG,"2,862,110","35,335",29,28.7,102,101,1,2,15,"$85,444,450 ",2:49,,,,Bochy,2009
STL,"3,343,252","41,275",28.5,30.1,98,97,1,3,11,"$90,928,409 ",2:48,,,,La Russa,2009
TBR,"1,874,962","23,148",27.8,28.4,98,97,0,5,14,"$67,270,334 ",3:01,,,,Maddon,2009
TEX,"2,156,016","26,617",27.8,27.7,104,104,1,3,19,"$79,723,548 ",2:51,,,,Washington,2009
TOR,"1,876,129","23,162",29.9,28.4,100,99,0,2,12,"$83,964,500 ",2:56,,,,Gaston,2009
WSN,"1,817,226","22,435",28.3,27.4,99,101,0,1,11,"$64,384,000 ",2:55,,,,Acta and Riggleman,2009
ARI,"2,509,924","30,987",26.7,29.4,107,107,1,2,11,"$66,202,712 ",2:52,,,,Melvin,2008
ATL,"2,532,834","31,270",27.2,28.6,98,97,3,2,11,"$102,365,683 ",2:52,,,,Cox,2008
BAL,"1,950,075","24,376",30.1,27.9,101,102,0,1,8,"$67,196,246 ",2:58,,,,Trembley,2008
BOS,"3,048,250","37,633",29.8,29.2,107,106,0,7,20,"$133,390,035 ",3:06,,,,Francona,2008
CHC,"3,300,200","40,743",30.1,28.9,107,106,0,8,14,"$120,345,833 ",2:55,,,,Piniella,2008
CHW,"2,500,648","30,496",30.6,28.3,104,105,2,2,16,"$121,189,332 ",2:51,,,,Guillen,2008
CIN,"2,058,632","25,415",28.6,28.7,102,102,1,1,10,"$74,167,695 ",2:55,,,,Baker,2008
CLE,"2,169,760","26,787",27.6,28.6,98,97,0,2,11,"$78,970,066 ",3:01,,,,Wedge,2008
COL,"2,650,218","32,719",27.5,28.5,109,109,0,2,12,"$68,655,500 ",2:54,,,,Hurdle,2008
DET,"3,202,645","39,539",30.3,29.9,102,102,1,1,17,"$138,785,196 ",3:00,,,,Leyland,2008
FLA,"1,335,076","16,482",28,26.6,101,101,0,2,8,"$21,811,500 ",2:56,,,,Gonzalez,2008
HOU,"2,779,487","34,744",31.1,30.9,97,98,0,2,13,"$87,946,807 ",2:52,,,,Cooper,2008
KCR,"1,578,922","19,493",28,27.6,98,99,0,1,8,"$59,445,500 ",2:54,,,,Hillman,2008
LAA,"3,336,747","41,194",29,27.6,102,102,1,3,16,"$119,216,333 ",2:47,,,,Scioscia,2008
LAD,"3,730,553","46,056",28.5,29.5,98,97,1,1,18,"$118,588,536 ",2:57,,,,Torre,2008
MIL,"3,068,458","37,882",28.7,29.9,98,98,0,3,14,"$80,937,499 ",2:55,,,,Yost and Sveum,2008
MIN,"2,302,431","28,425",26.2,27.5,96,96,0,3,11,"$56,932,766 ",2:53,,,,Gardenhire,2008
NYM,"4,042,045","49,902",30.1,29,98,98,1,2,11,"$137,793,376 ",3:02,,,,Randolph and Manuel,2008
NYY,"4,298,655","53,070",31.4,30.6,103,101,1,3,19,"$212,286,789 ",3:05,,,,Girardi,2008
OAK,"1,665,256","20,559",27.2,26.5,94,94,1,1,8,"$47,967,126 ",2:48,,,,Geren,2008
PHI,"3,422,583","42,254",30.1,30.6,102,101,0,2,11,"$97,879,880 ",2:55,,,,Manuel,2008
PIT,"1,609,076","19,865",28.4,26.5,96,97,0,1,10,"$48,689,783 ",2:54,,,,Russell,2008
SDP,"2,427,535","29,970",28.9,30.2,87,88,2,1,11,"$73,677,616 ",2:52,,,,Black,2008
SEA,"2,329,702","28,762",29.7,28.5,96,97,0,1,11,"$117,666,482 ",2:47,,,,McLaren and Riggleman,2008
SFG,"2,863,837","35,356",29.6,27.1,102,102,0,2,12,"$76,594,500 ",2:53,,,,Bochy,2008
STL,"3,432,917","42,382",28.8,30.2,98,98,0,2,12,"$99,624,449 ",2:54,,,,La Russa,2008
TBR,"1,811,986","22,370",27,27.5,101,101,0,3,13,"$44,970,597 ",3:02,,,,Maddon,2008
TEX,"1,945,677","24,021",27.7,28.1,101,102,0,4,13,"$68,037,326 ",3:02,,,,Washington,2008
TOR,"2,399,786","29,627",31,28.6,97,97,1,1,13,"$97,793,900 ",2:51,,,,Gibbons and Gaston,2008
WSN,"2,320,400","29,005",27.7,27.3,98,100,0,1,13,"$54,961,000 ",2:50,,,,Acta,2008
ARI,"2,325,249","28,707",26.6,28.2,107,107,1,3,13,"$52,067,546 ",2:53,,,,Melvin,2007
ATL,"2,745,207","33,891",27.7,29.4,98,98,2,2,12,"$87,290,833 ",2:53,,,,Cox,2007
BAL,"2,164,822","26,726",30.4,29,101,102,0,1,8,"$93,174,808 ",2:59,,,,Perlozzo and Trembley,2007
BOS,"2,970,755","36,676",30.1,31.1,106,105,0,6,19,"$143,026,214 ",3:09,,,,Francona,2007
CHC,"3,252,462","40,154",29.3,28.4,105,104,0,2,14,"$101,670,332 ",2:50,,,,Piniella,2007
CHW,"2,684,395","33,141",29.8,27.7,104,104,1,1,14,"$108,671,833 ",2:53,,,,Guillen,2007
CIN,"2,058,593","25,415",29.7,29.1,104,104,1,1,12,"$68,524,980 ",2:52,,,,Narron and Mackanin,2007
CLE,"2,275,912","28,449",28,29.4,101,100,0,3,12,"$61,673,267 ",3:02,,,,Wedge,2007
COL,"2,376,250","28,979",27.9,28.1,107,108,0,2,10,"$54,041,000 ",2:56,,,,Hurdle,2007
DET,"3,047,133","37,619",30.9,28.5,102,101,1,5,17,"$95,180,369 ",3:00,,,,Leyland,2007
FLA,"1,370,511","16,920",26.7,26.2,97,98,0,1,8,"$30,507,000 ",2:56,,,,Gonzalez,2007
HOU,"3,020,405","37,289",31.4,30.2,100,100,1,2,11,"$87,759,000 ",2:55,,,,Garner and Cooper,2007
KCR,"1,616,867","19,961",28,27.1,100,101,0,1,10,"$67,691,500 ",2:57,,,,Bell,2007
LAA,"3,365,632","41,551",28.6,28.4,101,100,1,3,14,"$109,251,333 ",2:51,,,,Scioscia,2007
LAD,"3,857,036","47,618",29.7,31.1,101,100,0,3,20,"$108,454,524 ",2:54,,,,Little,2007
MIL,"2,869,144","35,422",27.7,29.1,100,100,0,4,14,"$70,986,500 ",2:53,,,,Yost,2007
MIN,"2,296,383","28,350",28.4,27.4,95,95,0,3,13,"$71,439,500 ",2:48,,,,Gardenhire,2007
NYM,"3,853,955","47,580",30.7,31.3,98,97,2,4,19,"$116,181,663 ",2:57,,,,Randolph,2007
NYY,"4,271,083","52,729",30.7,31.4,101,100,0,3,16,"$207,039,045 ",3:14,,,,Torre,2007
OAK,"1,921,844","23,726",28.9,26.9,94,94,1,1,10,"$79,366,940 ",2:53,,,,Geren,2007
PHI,"3,108,325","38,374",28.8,30.6,104,103,0,3,14,"$89,428,213 ",3:03,,,,Manuel,2007
PIT,"1,749,142","21,594",27.2,27.1,97,98,0,1,11,"$38,537,833 ",2:47,,,,Tracy,2007
SDP,"2,790,074","34,445",29.9,31.5,90,90,2,3,12,"$58,110,567 ",2:48,,,,Black,2007
SEA,"2,672,223","32,588",29.9,28.1,96,97,0,2,10,"$106,460,833 ",2:49,,,,Hargrove and McLaren,2007
SFG,"3,223,215","39,793",32.7,27.3,101,101,0,1,14,"$90,219,056 ",2:50,,,,Bochy,2007
STL,"3,552,180","43,854",30.2,29.6,99,99,0,1,13,"$90,286,823 ",2:54,,,,La Russa,2007
TBR,"1,387,603","17,131",25.9,27,98,100,0,1,9,"$24,123,500 ",3:00,,,,Maddon,2007
TEX,"2,353,862","29,060",29.4,27.7,101,101,0,1,13,"$68,643,675 ",2:59,,,,Washington,2007
TOR,"2,360,644","29,144",30.5,27.3,100,99,1,1,10,"$81,942,800 ",2:52,,,,Gibbons,2007
WSN,"1,943,812","23,998",27.9,27.5,94,95,0,1,9,"$36,947,500 ",2:55,,,,Acta,2007
ARI,"2,091,685","25,823",29.7,28.8,105,105,0,1,14,"$59,984,226 ",2:52,,,,Melvin,2006
ATL,"2,550,524","31,488",27.5,29.4,100,99,2,3,12,"$90,156,876 ",2:50,,,,Cox,2006
BAL,"2,153,139","26,582",30.4,27.9,99,99,0,1,8,"$72,585,582 ",2:53,,,,Perlozzo,2006
BOS,"2,930,588","36,180",30.5,31.1,105,104,0,4,18,"$120,099,824 ",3:08,,,,Francona,2006
CHC,"3,123,215","38,558",28.6,28,103,103,1,1,13,"$94,424,499 ",2:50,,,,Baker,2006
CHW,"2,957,414","36,511",29.8,27.9,104,104,1,7,16,"$102,750,667 ",2:49,,,,Guillen,2006
CIN,"2,134,607","26,353",29.6,29.5,104,104,1,1,13,"$60,909,519 ",2:50,,,,Narron,2006
CLE,"1,997,995","24,667",27.7,28.6,99,98,0,1,13,"$56,031,500 ",2:54,,,,Wedge,2006
COL,"2,104,362","25,980",27.8,28.8,109,109,0,2,10,"$41,233,000 ",2:51,,,,Hurdle,2006
DET,"2,595,937","32,049",29.3,28.8,100,99,1,3,15,"$82,612,866 ",2:46,,,,Leyland,2006
FLA,"1,164,134","14,372",25.5,25.9,95,96,0,2,6,"$14,671,500 ",2:51,,,,Girardi,2006
HOU,"3,022,763","37,318",30.5,29.8,100,99,1,2,9,"$100,894,435 ",2:54,,,,Garner,2006
KCR,"1,372,638","16,946",29.7,27.7,101,103,0,1,9,"$47,694,000 ",2:56,,,,Bell,2006
LAA,"3,406,790","42,059",28.8,27.9,100,99,1,1,15,"$103,472,000 ",2:48,,,,Scioscia,2006
LAD,"3,758,545","46,402",29.9,30.4,101,100,1,2,23,"$98,447,187 ",2:53,,,,Little,2006
MIL,"2,335,643","28,835",28.8,28.3,101,101,0,3,13,"$57,970,333 ",2:52,,,,Yost,2006
MIN,"2,285,018","28,210",28.3,26.9,98,98,0,3,17,"$63,396,006 ",2:46,,,,Gardenhire,2006
NYM,"3,379,535","41,723",30.2,32.2,98,97,2,6,15,"$101,584,963 ",2:54,,,,Randolph,2006
NYY,"4,248,067","52,445",30.9,32.5,101,99,1,4,16,"$194,663,079 ",3:08,,,,Torre,2006
OAK,"1,976,625","24,403",29.7,27,97,97,1,1,10,"$64,843,079 ",2:47,,,,Macha,2006
PHI,"2,701,815","33,356",29.3,30.5,105,104,0,3,18,"$88,273,333 ",2:56,,,,Manuel,2006
PIT,"1,861,549","22,982",27.8,27,98,99,0,2,13,"$46,717,750 ",2:48,,,,Tracy,2006
SDP,"2,659,757","32,837",30.7,30.6,91,90,2,1,14,"$69,896,141 ",2:50,,,,Bochy,2006
SEA,"2,481,165","30,632",28.7,28,97,97,0,2,15,"$87,959,833 ",2:47,,,,Hargrove,2006
SFG,"3,130,313","38,646",33.7,28.7,100,100,0,1,14,"$90,056,419 ",2:46,,,,Alou,2006
STL,"3,407,104","42,589",29.6,28.6,99,99,0,4,12,"$88,891,371 ",2:51,,,,La Russa,2006
TBR,"1,368,950","16,901",27.3,27,99,100,0,1,7,"$34,917,967 ",2:48,,,,Maddon,2006
TEX,"2,388,757","29,491",28.4,28.3,101,101,0,2,15,"$68,228,662 ",2:49,,,,Showalter,2006
TOR,"2,302,212","28,422",28.6,28.1,100,100,0,5,11,"$71,365,000 ",2:52,,,,Gibbons,2006
WSN,"2,153,056","26,581",28.5,28.9,94,95,0,1,10,"$63,143,000 ",2:57,,,,Robinson,2006
ARI,"2,059,424","25,425",30.3,27.4,103,104,0,1,10,"$62,629,166 ",2:56,,,,Melvin,2005
ATL,"2,521,167","31,126",28.1,28.6,101,100,2,2,13,"$86,457,302 ",2:46,,,,Cox,2005
BAL,"2,624,740","32,404",31.5,28.3,99,99,0,4,9,"$73,914,333 ",2:53,,,,Mazzilli and Perlozzo,2005
BOS,"2,847,888","35,159",31.3,33.6,104,104,0,5,17,"$123,505,125 ",3:01,,,,Francona,2005
CHC,"3,099,992","38,272",29.7,28.2,104,104,1,2,13,"$87,032,933 ",2:45,,,,Baker,2005
CHW,"2,342,833","28,924",29.3,29.3,103,103,1,4,13,"$75,178,000 ",2:49,,,,Guillen,2005
CIN,"1,943,067","23,696",28.6,28.9,100,101,1,1,8,"$61,892,583 ",2:53,,,,Miley and Narron,2005
CLE,"2,013,763","24,861",27.5,29.2,96,96,0,1,14,"$41,502,500 ",2:51,,,,Wedge,2005
COL,"1,914,389","23,634",27.2,27.3,112,113,0,1,8,"$47,839,000 ",2:48,,,,Hurdle,2005
DET,"2,024,431","24,993",28.5,28,97,97,1,1,15,"$69,092,000 ",2:44,,,,Trammell,2005
FLA,"1,852,608","22,872",29.7,29.5,94,94,0,4,16,"$60,408,834 ",2:49,,,,McKeon,2005
HOU,"2,804,760","34,627",30.3,30.3,101,100,2,4,10,"$76,779,000 ",2:43,,,,Garner,2005
KCR,"1,371,181","16,928",28.1,25.7,99,101,0,1,6,"$36,881,000 ",2:48,,,,"Pena, Schaefer and Bell",2005
LAA,"3,404,686","42,033",29.8,28.5,98,97,1,3,12,"$94,867,822 ",2:50,,,,Scioscia,2005
LAD,"3,603,646","44,489",28.7,28.5,98,97,0,2,15,"$83,039,000 ",2:50,,,,Tracy,2005
MIL,"2,211,023","27,297",28.4,28,100,101,0,1,14,"$39,934,833 ",2:53,,,,Yost,2005
MIN,"2,034,243","25,114",27.6,27.9,102,102,0,2,13,"$56,186,000 ",2:43,,,,Gardenhire,2005
NYM,"2,829,929","34,937",28.8,31.9,97,97,3,3,13,"$101,305,821 ",2:50,,,,Randolph,2005
NYY,"4,090,696","50,502",32.3,34.2,98,97,1,3,23,"$208,306,817 ",3:02,,,,Torre,2005
OAK,"2,109,118","26,038",28.6,26.6,100,100,0,1,7,"$55,425,762 ",2:45,,,,Macha,2005
PHI,"2,665,304","32,905",30,29.7,105,104,1,3,16,"$95,522,000 ",2:51,,,,Manuel,2005
PIT,"1,817,245","22,435",27.4,28.7,99,99,0,1,13,"$38,133,000 ",2:46,,,,McClendon and Mackanin,2005
SDP,"2,869,787","35,429",31.1,31,91,91,1,1,12,"$63,290,833 ",2:47,,,,Bochy,2005
SEA,"2,725,459","33,648",28.7,31.4,95,96,0,1,20,"$87,754,334 ",2:47,,,,Hargrove,2005
SFG,"3,181,023","39,272",32.2,30,101,101,0,1,11,"$90,199,500 ",2:46,,,,Alou,2005
STL,"3,538,988","43,691",30.8,29.7,101,100,0,6,14,"$92,106,833 ",2:48,,,,La Russa,2005
TBR,"1,141,669","14,095",27.5,27.4,98,100,0,1,6,"$29,679,067 ",2:48,,,,Piniella,2005
TEX,"2,525,221","31,176",27.9,30.5,106,105,0,4,17,"$55,849,000 ",2:52,,,,Showalter,2005
TOR,"2,014,995","24,876",28,28.2,102,102,0,2,8,"$45,719,500 ",2:46,,,,Gibbons,2005
WSN,"2,731,993","33,728",29.3,28.9,95,96,0,2,14,"$48,581,500 ",2:55,,,,Robinson,2005
ANA,"3,375,677","41,675",28.9,29,97,96,1,2,15,"$100,534,667 ",2:52,,,,Scioscia,2004
ARI,"2,519,560","31,106",28.9,29.3,105,106,2,1,10,"$69,780,750 ",2:46,,,,Brenly and Pedrique,2004
ATL,"2,327,565","28,735",28.9,30.1,101,99,2,1,11,"$90,182,500 ",2:50,,,,Cox,2004
BAL,"2,744,018","33,877",30.5,27.4,98,98,0,1,8,"$51,623,333 ",3:00,,,,Mazzilli,2004
BOS,"2,837,294","35,028",30.4,32.5,106,104,1,3,15,"$127,298,500 ",2:59,,,,Francona,2004
CHC,"3,170,154","38,660",30.1,29.1,102,102,1,3,14,"$90,560,000 ",2:49,,,,Baker,2004
CHW,"1,930,537","23,834",28.6,28.2,102,101,2,1,15,"$65,212,500 ",2:41,,,,Guillen,2004
CIN,"2,287,250","28,238",28.4,28.5,97,98,2,4,7,"$46,915,250 ",2:53,,,,Miley,2004
CLE,"1,814,401","22,400",28.6,27.3,94,94,0,5,12,"$34,319,300 ",2:55,,,,Wedge,2004
COL,"2,338,069","28,865",30.4,28.8,113,114,0,1,13,"$65,445,167 ",2:51,,,,Hurdle,2004
DET,"1,917,004","23,667",28.1,27.5,94,96,1,2,10,"$46,832,000 ",2:46,,,,Trammell,2004
FLA,"1,723,105","21,539",28.8,27.8,95,95,0,4,14,"$42,143,042 ",2:45,,,,McKeon,2004
HOU,"3,087,872","38,122",31.7,29.6,101,100,2,4,11,"$75,397,000 ",2:52,,,,Williams and Garner,2004
KCR,"1,661,478","20,768",29,27.4,101,103,0,1,10,"$47,609,000 ",2:47,,,,Pena,2004
LAD,"3,488,283","43,065",28.9,29.5,95,95,0,2,16,"$92,902,001 ",2:51,,,,Tracy,2004
MIL,"2,062,382","25,462",28.5,27.2,100,101,0,2,7,"$27,528,500 ",2:55,,,,Yost,2004
MIN,"1,911,490","23,599",27.8,28.2,102,102,0,1,13,"$53,890,000 ",2:48,,,,Gardenhire,2004
MON,"749,550","9,369",27.5,26.5,104,105,0,1,5,"$41,197,500 ",2:51,,,,Robinson,2004
NYM,"2,318,951","28,629",29.8,32.5,98,99,2,2,15,"$102,035,970 ",2:59,,,,Howe,2004
NYY,"3,775,292","46,609",32.2,32.9,98,97,0,8,21,"$184,193,950 ",2:59,,,,Torre,2004
OAK,"2,201,516","27,179",29.6,28.4,99,98,0,2,10,"$59,425,667 ",2:54,,,,Macha,2004
PHI,"3,250,092","40,125",29.3,29.8,105,104,1,2,15,"$93,219,167 ",2:59,,,,Bowa and Varsho,2004
PIT,"1,580,031","19,750",27.2,27.7,99,99,0,1,9,"$32,227,929 ",2:48,,,,McClendon,2004
SDP,"3,016,752","37,244",29.6,30,90,90,1,1,13,"$55,384,833 ",2:46,,,,Bochy,2004
SEA,"2,940,731","35,863",31.6,30.4,97,97,0,1,19,"$81,515,834 ",2:55,,,,Melvin,2004
SFG,"3,256,854","39,718",31.6,30.1,101,101,0,2,8,"$82,019,166 ",2:55,,,,Alou,2004
STL,"3,048,427","37,635",30.6,30.1,99,98,0,3,15,"$84,340,333 ",2:52,,,,La Russa,2004
TBR,"1,274,911","15,936",28.1,27.5,96,97,0,1,8,"$29,856,667 ",2:46,,,,Piniella,2004
TEX,"2,513,685","31,033",27.7,30.6,108,108,0,5,15,"$55,050,417 ",2:51,,,,Showalter,2004
TOR,"1,900,041","23,457",28,28.6,104,104,0,1,8,"$50,017,000 ",2:45,,,,Tosca and Gibbons,2004
ANA,"3,061,094","37,330",29.1,29,98,97,0,3,12,"$79,031,667 ",2:47,,,,Scioscia,2003
ARI,"2,805,542","34,636",30.6,29.2,108,109,1,1,17,"$80,657,000 ",2:52,,,,Brenly,2003
ATL,"2,401,084","29,643",30.3,31.1,101,100,3,7,17,"$106,243,667 ",2:54,,,,Cox,2003
BAL,"2,454,523","30,303",29.3,29.2,99,99,0,1,8,"$73,877,500 ",2:50,,,,Hargrove,2003
BOS,"2,724,165","33,632",29.7,31.2,105,103,1,3,15,"$99,946,500 ",2:57,,,,Little,2003
CHC,"2,962,630","36,576",31.3,28.2,101,101,0,2,14,"$79,868,333 ",2:51,,,,Baker,2003
CHW,"1,939,524","23,945",29.4,27.9,102,102,2,3,14,"$51,010,000 ",2:44,,,,Manuel,2003
CIN,"2,355,259","29,077",27.3,28,95,96,2,1,9,"$59,355,667 ",2:50,,,,"Boone, Knight and Miley",2003
CLE,"1,730,002","21,358",27.1,26.3,96,97,0,1,14,"$48,584,834 ",2:43,,,,Wedge,2003
COL,"2,334,085","28,816",29.5,28,115,116,0,3,13,"$67,179,667 ",2:49,,,,Hurdle,2003
DET,"1,368,245","16,892",27.3,25.3,93,95,0,1,7,"$49,168,000 ",2:39,,,,Trammell,2003
FLA,"1,303,215","16,089",27.7,26.3,98,98,1,3,14,"$49,450,000 ",2:50,,,,Torborg and McKeon,2003
HOU,"2,454,241","30,299",31.1,27.6,103,102,2,1,9,"$71,040,000 ",2:50,,,,Williams,2003
KCR,"1,779,895","22,249",29.2,28,107,108,0,2,8,"$40,518,000 ",2:46,,,,Pena,2003
LAD,"3,138,626","38,748",29.9,31.2,94,94,1,3,19,"$105,872,620 ",2:46,,,,Tracy,2003
MIL,"1,700,354","20,992",29.8,27.6,98,100,0,2,9,"$40,627,000 ",2:50,,,,Yost,2003
MIN,"1,946,011","24,025",27.2,29.7,101,100,0,1,15,"$55,505,000 ",2:47,,,,Gardenhire,2003
MON,"1,025,639","12,662",27.7,26.7,105,105,1,1,6,"$51,948,500 ",2:49,,,,Robinson,2003
NYM,"2,140,599","26,757",29.3,31.6,97,98,3,1,17,"$117,176,429 ",2:52,,,,Howe,2003
NYY,"3,465,600","42,263",30.3,33.7,98,97,0,5,19,"$152,749,814 ",3:00,,,,Torre,2003
OAK,"2,216,596","27,365",28.3,27.4,99,98,0,4,10,"$50,260,834 ",2:46,,,,Macha,2003
PHI,"2,259,948","27,901",28.3,29,93,93,1,1,13,"$70,780,000 ",2:58,,,,Bowa,2003
PIT,"1,636,751","20,207",29.7,28.3,102,102,0,1,10,"$54,812,429 ",2:49,,,,McClendon,2003
SDP,"2,030,084","25,063",28.5,27.8,91,92,1,1,13,"$45,210,000 ",2:53,,,,Bochy,2003
SEA,"3,268,509","40,352",32,29.8,95,95,0,5,20,"$86,959,167 ",2:48,,,,Melvin,2003
SFG,"3,264,898","40,307",32.1,28.6,99,98,0,2,12,"$82,852,167 ",2:52,,,,Alou,2003
STL,"2,910,386","35,931",29.9,31.2,97,96,0,5,12,"$83,786,666 ",2:54,,,,La Russa,2003
TBR,"1,058,695","13,070",26.3,26.4,95,97,0,1,4,"$19,630,000 ",2:45,,,,Piniella,2003
TEX,"2,094,394","25,857",28.4,28.1,111,111,0,2,13,"$103,491,667 ",2:54,,,,Showalter,2003
TOR,"1,799,458","22,216",28.4,29,104,104,0,3,6,"$51,269,000 ",2:51,,,,Tosca,2003
ANA,"2,305,547","28,464",28.3,30.2,100,99,0,1,11,"$61,721,667 ",2:59,,,,Scioscia,2002
ARI,"3,198,977","39,494",31.7,31.7,111,110,1,6,14,"$102,819,999 ",2:59,,,,Brenly,2002
ATL,"2,603,484","32,142",30.6,31.1,102,101,4,4,15,"$93,470,367 ",2:58,,,,Cox,2002
BAL,"2,682,439","33,117",29.2,27.8,95,96,0,1,9,"$64,493,487 ",2:55,,,,Hargrove,2002
BOS,"2,650,862","32,727",29.9,31.1,103,102,2,7,17,"$108,366,060 ",2:53,,,,Little,2002
CHC,"2,693,096","33,248",30.2,27.6,98,98,0,1,12,"$75,690,833 ",2:57,,,,"Baylor, Lachemann and Kimm",2002
CHW,"1,676,911","20,703",28.9,25.8,101,101,1,2,13,"$57,052,833 ",2:49,,,,Manuel,2002
CIN,"1,855,787","22,911",27.7,28.7,104,104,2,1,10,"$45,050,390 ",2:58,,,,Boone,2002
CLE,"2,616,940","32,308",30.4,28.1,97,98,1,1,20,"$78,909,449 ",2:53,,,,Manuel and Skinner,2002
COL,"2,737,838","33,800",28.7,28.5,115,116,0,1,9,"$56,851,043 ",2:59,,,,Bell and Hurdle,2002
DET,"1,503,623","18,795",28.1,28.1,92,95,0,1,10,"$55,048,000 ",2:45,,,,Garner and Pujols,2002
FLA,"813,118","10,038",28.4,26.1,97,97,1,2,13,"$41,979,917 ",3:00,,,,Torborg,2002
HOU,"2,517,357","31,078",30.1,27.3,106,105,2,1,11,"$63,448,417 ",2:55,,,,Williams,2002
KCR,"1,323,036","16,334",29.3,27.8,110,111,0,1,7,"$47,257,000 ",2:54,,,,"Muser, Mizerock and Pena",2002
LAD,"3,131,255","38,657",30,31,92,92,0,3,15,"$94,850,953 ",2:55,,,,Tracy,2002
MIL,"1,969,153","24,311",29.9,26.8,98,99,0,2,8,"$50,287,833 ",2:51,,,,Lopes and Royster,2002
MIN,"1,924,473","23,759",26.6,28.8,100,100,0,3,11,"$40,425,000 ",2:54,,,,Gardenhire,2002
MON,"812,045","10,025",28.2,27.7,103,103,1,2,9,"$38,670,500 ",2:55,,,,Robinson,2002
NYM,"2,804,838","34,628",30.6,30.3,96,97,2,1,11,"$94,633,593 ",3:01,,,,Valentine,2002
NYY,"3,465,807","43,323",29.9,33.1,100,99,0,6,16,"$125,928,583 ",3:09,,,,Torre,2002
OAK,"2,169,811","26,788",28.6,27.4,98,97,0,2,10,"$40,004,167 ",3:01,,,,Howe,2002
PHI,"1,618,467","20,231",27.5,28.5,94,94,0,3,13,"$57,954,999 ",3:01,,,,Bowa,2002
PIT,"1,784,988","22,312",27.9,28.1,102,103,0,1,6,"$42,323,599 ",2:49,,,,McClendon,2002
SDP,"2,220,601","27,415",29.1,27.8,90,91,1,1,7,"$41,425,000 ",2:53,,,,Bochy,2002
SEA,"3,542,938","43,740",31.2,30.2,97,95,0,3,20,"$80,282,668 ",2:58,,,,Piniella,2002
SFG,"3,253,203","40,163",32.1,29.2,95,94,0,3,12,"$78,299,835 ",3:02,,,,Baker,2002
STL,"3,011,756","37,182",28.9,30.2,98,97,0,1,14,"$74,660,875 ",2:56,,,,La Russa,2002
TBR,"1,065,742","13,157",27.1,26.9,97,99,0,1,6,"$34,380,000 ",2:51,,,,McRae,2002
TEX,"2,352,397","29,042",29,29.7,106,106,1,1,12,"$105,726,122 ",3:05,,,,Narron,2002
TOR,"1,637,900","20,221",27.2,27.4,104,103,0,1,11,"$76,864,333 ",2:55,,,,Martinez and Tosca,2002
ANA,"2,000,919","24,703",27.9,28.9,101,100,0,2,7,"$47,735,167 ",2:57,,,,Scioscia,2001
ARI,"2,736,451","33,783",31.9,30.9,108,107,1,3,14,"$85,082,999 ",2:58,,,,Brenly,2001
ATL,"2,823,530","34,858",30.3,31.1,103,102,4,2,17,"$91,936,166 ",2:53,,,,Cox,2001
BAL,"3,094,841","38,686",30.2,27.6,95,96,2,1,10,"$74,279,540 ",2:59,,,,Hargrove,2001
BOS,"2,625,333","32,412",30,30.9,101,100,1,1,16,"$110,035,833 ",3:04,,,,Williams and Kerrigan,2001
CHC,"2,779,465","34,314",30.7,29.8,95,95,0,2,13,"$64,715,833 ",2:56,,,,Baylor,2001
CHW,"1,766,172","21,805",28.5,26.2,104,103,1,1,16,"$65,653,667 ",2:57,,,,Manuel,2001
CIN,"1,879,757","23,207",28,27.4,105,105,2,1,11,"$48,986,000 ",2:58,,,,Boone,2001
CLE,"3,175,523","39,694",31.1,29.1,100,100,2,2,17,"$93,360,001 ",3:06,,,,Manuel,2001
COL,"3,166,821","39,097",28.3,28.7,122,122,0,3,7,"$71,541,334 ",3:02,,,,Bell,2001
DET,"1,921,305","23,720",28.3,28.1,93,95,0,1,8,"$53,416,167 ",2:52,,,,Garner,2001
FLA,"1,261,226","15,765",27.3,26.5,96,97,0,2,14,"$35,762,500 ",2:53,,,,Boles and Perez,2001
HOU,"2,904,277","35,855",30.3,28.4,106,106,2,3,12,"$60,612,667 ",2:58,,,,Dierker,2001
KCR,"1,536,371","18,968",28.2,27.3,106,107,0,1,8,"$35,422,500 ",2:53,,,,Muser,2001
LAD,"3,017,143","37,249",30.2,30.5,92,91,0,2,15,"$109,105,953 ",3:00,,,,Tracy,2001
MIL,"2,811,041","34,704",29.4,27.3,97,98,0,1,10,"$43,886,833 ",2:55,,,,Lopes,2001
MIN,"1,782,929","22,011",26.2,27.4,101,101,0,3,15,"$24,130,000 ",2:56,,,,Kelly,2001
MON,"642,745","7,935",27.6,27.4,101,102,2,1,7,"$35,159,500 ",2:51,,,,Alou and Torborg,2001
NYM,"2,658,330","32,819",30.4,31.1,95,95,1,2,10,"$93,174,428 ",3:02,,,,Valentine,2001
NYY,"3,264,907","40,811",31.2,30.9,101,100,0,7,17,"$112,787,143 ",3:09,,,,Torre,2001
OAK,"2,133,277","26,337",27.3,28,98,97,0,1,11,"$33,810,750 ",3:03,,,,Howe,2001
PHI,"1,782,054","22,001",26.9,28.9,97,97,0,1,10,"$41,663,833 ",2:55,,,,Bowa,2001
PIT,"2,464,870","30,430",27.8,28.1,103,104,0,1,11,"$57,760,833 ",2:48,,,,McClendon,2001
SDP,"2,378,128","29,360",28.9,28.7,91,91,3,2,8,"$39,182,833 ",2:59,,,,Bochy,2001
SEA,"3,507,326","43,300",31.4,30.8,94,92,0,8,19,"$74,720,834 ",3:03,,,,Piniella,2001
SFG,"3,311,958","40,888",31.5,29.2,93,91,0,3,13,"$63,280,167 ",3:06,,,,Baker,2001
STL,"3,109,578","37,922",28.8,29.3,100,99,0,2,13,"$79,373,333 ",2:57,,,,La Russa,2001
TBR,"1,298,365","16,029",28.1,26.9,97,99,0,1,6,"$56,980,000 ",2:52,,,,Rothschild and McRae,2001
TEX,"2,831,021","34,525",29.9,28.5,104,104,1,2,15,"$88,633,500 ",3:04,,,,Oates and Narron,2001
TOR,"1,915,438","23,359",28.2,28.5,102,102,0,1,13,"$76,895,999 ",2:59,,,,Martinez,2001
ANA,"2,066,982","25,518",27.6,28.9,102,102,0,2,12,"$52,664,167 ",3:05,,,,Scioscia,2000
ARI,"2,942,251","36,324",30.8,31.6,104,103,1,2,13,"$81,027,833 ",2:54,,,,Showalter,2000
ATL,"3,234,304","39,930",30.8,31.4,100,99,3,5,19,"$84,737,836 ",2:54,,,,Cox,2000
BAL,"3,297,031","40,704",32.2,29.1,95,96,1,2,13,"$82,347,435 ",3:01,,,,Hargrove,2000
BOS,"2,585,895","31,925",29.3,30.2,103,103,1,4,15,"$79,975,333 ",3:02,,,,Williams,2000
CHC,"2,789,511","34,438",30.8,28.4,97,98,0,2,10,"$60,539,333 ",3:00,,,,Baylor,2000
CHW,"1,947,799","24,047",27.6,26.5,102,102,1,3,13,"$31,743,500 ",3:03,,,,Manuel,2000
CIN,"2,577,371","31,431",29.2,28.5,102,102,2,3,13,"$46,867,200 ",3:00,,,,McKeon,2000
CLE,"3,456,278","42,670",30.1,30.2,101,100,2,4,15,"$76,972,271 ",3:12,,,,Manuel,2000
COL,"3,295,129","40,681",29.2,29.9,125,125,0,3,5,"$61,111,190 ",3:01,,,,Bell,2000
DET,"2,438,617","30,106",29.1,29.1,94,95,0,1,9,"$59,645,167 ",3:01,,,,Garner,2000
FLA,"1,218,326","15,041",26.1,26.7,94,95,0,1,12,"$20,347,000 ",2:59,,,,Boles,2000
HOU,"3,056,139","37,730",29.1,28,107,107,2,1,10,"$51,289,111 ",3:02,,,,Dierker,2000
KCR,"1,564,847","19,319",27.6,25.8,103,103,0,2,6,"$24,903,000 ",3:01,,,,Muser,2000
LAD,"2,880,242","35,559",29.6,29.5,94,93,0,2,14,"$88,124,286 ",3:03,,,,Johnson,2000
MIL,"1,573,621","19,427",28.8,27.4,97,98,0,1,9,"$37,305,333 ",3:04,,,,Lopes,2000
MIN,"1,000,760","12,355",26.5,26.6,104,105,0,1,12,"$17,529,500 ",2:59,,,,Kelly,2000
MON,"926,272","11,435",26.2,26.1,103,104,1,2,7,"$32,994,333 ",2:51,,,,Alou,2000
NYM,"2,820,530","34,821",30.4,31,96,96,2,3,12,"$79,509,776 ",3:04,,,,Valentine,2000
NYY,"3,055,435","38,193",31.3,32,99,98,0,4,23,"$93,113,260 ",3:09,,,,Torre,2000
OAK,"1,603,744","19,799",27.3,29.5,96,95,0,3,12,"$33,172,333 ",3:08,,,,Howe,2000
PHI,"1,612,769","19,911",28.5,28.7,100,101,0,1,13,"$47,513,000 ",2:59,,,,Francona,2000
PIT,"1,748,908","21,591",28.3,27.1,99,100,0,2,7,"$31,328,334 ",2:57,,,,Lamont,2000
SDP,"2,352,443","29,043",28.6,27.5,92,92,2,1,9,"$55,021,000 ",2:57,,,,Bochy,2000
SEA,"2,914,624","35,983",31.4,29.3,94,93,1,3,16,"$60,495,000 ",3:08,,,,Piniella,2000
SFG,"3,318,800","40,973",29.9,28.5,93,92,0,2,10,"$53,737,826 ",3:01,,,,Baker,2000
STL,"3,336,493","41,191",29.7,29.3,101,101,0,4,16,"$61,653,863 ",3:01,,,,La Russa,2000
TBR,"1,449,673","18,121",30.1,29.3,98,100,0,1,10,"$63,265,129 ",2:58,,,,Rothschild,2000
TEX,"2,588,401","31,956",29.5,28.7,101,102,1,1,11,"$70,795,921 ",3:06,,,,Oates,2000
TOR,"1,705,712","21,058",28.1,28.9,103,103,0,3,12,"$46,038,332 ",3:00,,,,Fregosi,2000
ANA,"2,253,123","27,816",28.6,31.5,99,99,0,1,11,"$55,633,166 ",2:52,,,,Collins and Maddon,1999
ARI,"3,019,654","37,280",30,30.6,101,100,1,4,14,"$68,703,999 ",2:54,,,,Showalter,1999
ATL,"3,284,897","40,554",29.6,28.6,99,98,4,2,18,"$73,341,000 ",2:49,,,,Cox,1999
BAL,"3,433,150","42,385",32.5,30.1,95,95,1,4,17,"$80,805,863 ",2:58,,,,Miller,1999
BOS,"2,446,162","30,200",28.9,30.1,104,103,1,3,11,"$64,097,500 ",2:54,,,,Williams,1999
CHC,"2,813,854","34,739",31.2,28.8,97,98,0,1,14,"$62,343,000 ",2:53,,,,Riggleman,1999
CHW,"1,338,851","16,529",25.8,26.4,101,101,1,1,7,"$25,820,000 ",2:55,,,,Manuel,1999
CIN,"2,061,222","25,137",28.3,28,103,102,1,3,16,"$33,962,761 ",2:54,,,,McKeon,1999
CLE,"3,468,456","42,820",29,30.6,103,102,2,6,16,"$73,679,962 ",3:09,,,,Hargrove,1999
COL,"3,481,065","42,976",29.7,28.9,126,127,0,1,5,"$61,935,837 ",2:53,,,,Leyland,1999
DET,"2,026,441","25,018",27.5,27.6,99,100,0,1,9,"$36,689,666 ",2:54,,,,Parrish,1999
FLA,"1,369,421","17,118",25.2,26,93,94,0,1,9,"$21,085,000 ",2:52,,,,Boles,1999
HOU,"2,706,017","33,000",29.8,27.4,99,98,2,4,9,"$55,114,000 ",2:55,,,,Dierker and Galante,1999
KCR,"1,506,068","18,826",26.9,26.9,101,102,0,1,8,"$26,660,000 ",3:00,,,,Muser,1999
LAD,"3,095,346","38,214",29.2,28.6,94,94,0,1,13,"$81,062,453 ",2:58,,,,Johnson,1999
MIL,"1,701,796","21,272",28.1,28.2,98,99,0,2,11,"$43,377,395 ",3:04,,,,Garner and Lefebvre,1999
MIN,"1,202,829","14,850",26.8,26.3,103,104,0,1,13,"$22,107,500 ",2:57,,,,Kelly,1999
MON,"773,277","9,547",25.9,25.5,97,98,1,1,7,"$17,903,000 ",2:48,,,,Alou,1999
NYM,"2,725,668","33,650",30.1,32.7,97,97,2,1,16,"$68,852,092 ",3:02,,,,Valentine,1999
NYY,"3,292,736","40,651",30.9,31.2,98,96,0,4,17,"$86,934,359 ",3:11,,,,Torre,1999
OAK,"1,434,610","17,711",28.7,31.4,94,94,1,1,11,"$24,831,833 ",3:04,,,,Howe,1999
PHI,"1,825,337","22,535",28.2,28.3,104,105,0,3,8,"$31,897,500 ",2:55,,,,Francona,1999
PIT,"1,638,023","20,223",28.3,26.8,100,101,0,1,6,"$25,047,666 ",2:49,,,,Lamont,1999
SDP,"2,523,538","31,155",29.7,28.8,92,92,2,3,11,"$49,768,179 ",2:48,,,,Bochy,1999
SEA,"2,916,346","36,004",29.3,28.2,102,102,1,1,12,"$54,125,003 ",3:03,,,,Piniella,1999
SFG,"2,078,399","25,659",30.3,28.6,94,94,0,2,9,"$46,798,057 ",3:05,,,,Baker,1999
STL,"3,225,334","40,317",28.7,28.6,101,101,0,2,11,"$49,988,195 ",3:01,,,,La Russa,1999
TBR,"1,562,827","19,294",30.2,29.6,100,101,1,2,9,"$38,870,000 ",3:00,,,,Rothschild,1999
TEX,"2,771,469","34,216",30.8,30.1,104,104,1,4,12,"$76,709,931 ",2:56,,,,Oates,1999
TOR,"2,163,464","26,709",28.3,27.9,100,100,0,2,14,"$45,444,333 ",2:58,,,,Fregosi,1999
ANA,"2,519,280","31,102",28.7,29.8,102,102,0,2,16,"$41,791,000 ",2:58,,,,Collins,1998
ARI,"3,610,290","44,571",27.8,27.4,100,99,0,1,7,"$32,347,000 ",2:43,,,,Showalter,1998
ATL,"3,360,860","41,492",28.9,29.5,100,98,4,6,17,"$61,186,000 ",2:42,,,,Cox,1998
BAL,"3,684,650","45,490",33.2,30.5,98,97,2,3,20,"$72,525,634 ",3:02,,,,Miller,1998
BOS,"2,314,704","28,577",28.8,29.5,102,101,2,3,12,"$56,927,000 ",2:53,,,,Williams,1998
CHC,"2,623,194","31,990",30.1,28.8,103,103,0,1,13,"$50,838,000 ",2:55,,,,Riggleman,1998
CHW,"1,391,146","16,965",27.4,26.4,97,98,1,1,11,"$39,850,000 ",2:53,,,,Manuel,1998
CIN,"1,793,649","22,144",27.5,28,102,102,1,1,14,"$23,005,000 ",2:46,,,,McKeon,1998
CLE,"3,467,299","42,806",29.4,29.8,103,102,1,6,17,"$61,718,166 ",2:59,,,,Hargrove,1998
COL,"3,792,683","46,823",29.5,27.8,121,122,0,3,6,"$50,484,648 ",2:46,,,,Baylor,1998
DET,"1,409,391","17,400",27.3,26.6,100,101,0,1,7,"$24,265,000 ",2:51,,,,Bell and Parrish,1998
FLA,"1,730,384","21,363",25.5,24.5,94,95,1,1,12,"$41,864,667 ",2:51,,,,Leyland,1998
HOU,"2,458,451","30,351",29.7,27.8,98,97,3,2,10,"$42,374,000 ",2:54,,,,Dierker,1998
KCR,"1,494,875","18,686",28.8,28.8,101,102,0,1,12,"$38,097,500 ",2:50,,,,Muser,1998
LAD,"3,089,222","38,139",28.3,27.6,95,95,1,2,15,"$48,820,000 ",2:46,,,,Russell and Hoffman,1998
MIL,"1,811,593","22,365",28.3,28.1,100,101,0,1,11,"$34,139,904 ",2:51,,,,Garner,1998
MIN,"1,165,976","14,395",29.9,28.7,101,102,1,1,14,"$28,097,500 ",2:58,,,,Kelly,1998
MON,"914,909","11,295",25.9,25.7,98,99,1,1,8,"$10,641,500 ",2:42,,,,Alou,1998
NYM,"2,287,948","28,246",28.9,31.7,99,99,1,2,12,"$52,247,999 ",2:56,,,,Valentine,1998
NYY,"2,955,193","36,484",30.4,30.2,97,95,1,5,18,"$66,806,867 ",3:06,,,,Torre,1998
OAK,"1,232,343","15,214",28.8,31,96,97,1,1,8,"$21,473,000 ",2:56,,,,Howe,1998
PHI,"1,715,722","21,182",27,29.3,102,103,0,1,8,"$36,297,500 ",2:49,,,,Francona,1998
PIT,"1,560,950","19,271",26.7,26.5,102,103,0,1,7,"$15,065,000 ",2:41,,,,Lamont,1998
SDP,"2,555,874","31,554",31.1,29.8,92,92,2,5,11,"$46,861,500 ",2:44,,,,Bochy,1998
SEA,"2,651,511","32,735",29.8,31.3,99,98,2,2,11,"$54,802,036 ",2:55,,,,Piniella,1998
SFG,"1,925,364","23,770",30.7,31.8,95,95,0,2,11,"$42,738,334 ",2:56,,,,Baker,1998
STL,"3,195,691","38,972",30.5,28.9,100,100,0,1,13,"$54,672,521 ",2:54,,,,La Russa,1998
TBR,"2,506,293","30,942",29.1,27.9,101,102,1,1,6,"$27,280,000 ",2:56,,,,Rothschild,1998
TEX,"2,927,399","36,141",29.9,29.9,104,103,1,4,10,"$56,752,095 ",2:56,,,,Oates,1998
TOR,"2,454,303","30,300",28.9,30.3,99,99,0,1,20,"$51,376,000 ",2:57,,,,Johnson,1998
ANA,"1,767,330","21,553",29.8,28.3,102,102,2,1,15,"$31,135,472 ",3:06,,,,Collins,1997
ATL,"3,464,488","42,771",27.9,28.5,102,99,4,7,14,"$52,278,500 ",2:48,,,,Cox,1997
BAL,"3,711,132","45,816",31.7,30.7,97,96,2,5,16,"$58,516,400 ",3:08,,,,Johnson,1997
BOS,"2,226,136","27,483",28,27.8,102,102,0,1,12,"$43,558,750 ",3:01,,,,Williams,1997
CHC,"2,190,308","27,041",29.4,28.2,102,102,1,1,9,"$42,155,333 ",2:52,,,,Riggleman,1997
CHW,"1,864,782","23,022",29.3,29.4,96,96,1,2,15,"$57,740,000 ",3:01,,,,Bevington,1997
CIN,"1,785,788","22,047",28.2,29.6,102,102,1,1,13,"$49,768,000 ",2:46,,,,Knight and McKeon,1997
CLE,"3,404,750","42,034",30.2,29.7,103,102,1,3,22,"$56,802,460 ",3:00,,,,Hargrove,1997
COL,"3,888,453","48,006",30.4,27.9,122,123,0,2,8,"$43,559,667 ",2:55,,,,Baylor,1997
DET,"1,365,157","16,854",26.4,27.5,99,100,0,1,7,"$17,272,000 ",2:58,,,,Bell,1997
FLA,"2,364,387","29,190",28.5,27.5,95,96,0,3,14,"$48,692,500 ",2:56,,,,Leyland,1997
HOU,"2,046,781","25,269",28.8,27,96,95,2,3,13,"$34,777,500 ",2:55,,,,Dierker,1997
KCR,"1,517,638","18,970",28.8,27.6,101,102,0,1,16,"$34,810,000 ",2:58,,,,Boone and Muser,1997
LAD,"3,319,504","40,982",29.3,28.8,93,92,2,1,9,"$45,380,304 ",2:56,,,,Russell,1997
MIL,"1,444,027","18,050",28,28.3,101,102,0,1,11,"$23,655,338 ",2:55,,,,Garner,1997
MIN,"1,411,064","17,421",29.2,28.1,100,101,1,1,14,"$34,072,500 ",2:56,,,,Kelly,1997
MON,"1,497,609","18,489",27.7,26.4,99,99,2,1,10,"$19,295,500 ",2:46,,,,Alou,1997
NYM,"1,766,174","21,805",27.3,29.4,97,97,0,2,11,"$39,800,400 ",2:52,,,,Valentine,1997
NYY,"2,580,325","32,254",30.6,29.6,100,98,2,5,20,"$62,241,545 ",3:11,,,,Torre,1997
OAK,"1,264,218","15,608",28.1,27.8,96,97,0,1,7,"$24,018,500 ",3:03,,,,Howe,1997
PHI,"1,490,638","18,403",27.8,27.9,100,101,0,1,9,"$36,656,500 ",2:51,,,,Francona,1997
PIT,"1,657,022","20,457",26.6,25.7,103,103,0,1,6,"$10,771,667 ",2:47,,,,Lamont,1997
SDP,"2,089,333","25,794",30.8,28.1,93,93,3,3,11,"$37,363,672 ",2:58,,,,Bochy,1997
SEA,"3,192,237","39,410",29.3,30.4,98,98,2,5,14,"$41,540,661 ",3:00,,,,Piniella,1997
SFG,"1,690,869","20,875",29.6,28.9,98,98,0,3,9,"$35,592,378 ",2:57,,,,Baker,1997
STL,"2,634,014","32,519",30,29.5,99,99,1,2,15,"$45,456,667 ",2:51,,,,La Russa,1997
TEX,"2,945,228","36,361",28.3,29.7,105,105,1,1,9,"$53,448,838 ",2:57,,,,Oates,1997
TOR,"2,589,297","31,967",29.6,28.8,99,99,0,2,17,"$47,079,833 ",2:51,,,,Gaston and Queen,1997
ATL,"2,901,242","35,818",27.9,27.9,105,104,4,6,17,"$49,698,500 ",2:44,,,,Cox,1996
BAL,"3,646,950","44,475",31.2,28.9,100,99,3,3,15,"$54,599,315 ",3:08,,,,Johnson,1996
BOS,"2,315,231","28,583",28.4,28.7,101,101,0,1,14,"$42,393,500 ",3:05,,,,Kennedy,1996
CAL,"1,820,521","22,476",29.3,29.1,98,98,0,2,13,"$28,847,000 ",3:03,,,,"Lachemann, McNamara and Maddon",1996
CHC,"2,219,110","27,396",29,28.3,102,102,1,1,8,"$33,081,000 ",2:53,,,,Riggleman,1996
CHW,"1,676,403","20,696",30.6,27.8,95,95,1,2,11,"$45,289,500 ",3:00,,,,Bevington,1996
CIN,"1,861,428","22,981",29.3,29.2,100,100,1,1,13,"$42,526,334 ",2:50,,,,Knight,1996
CLE,"3,318,174","41,477",29.7,30.3,99,97,2,5,21,"$48,216,360 ",3:06,,,,Hargrove,1996
COL,"3,891,014","48,037",30.1,28.8,123,123,0,3,7,"$40,324,823 ",2:57,,,,Baylor,1996
DET,"1,168,610","14,427",27,26.7,100,102,1,1,11,"$23,438,000 ",3:00,,,,Bell,1996
FLA,"1,746,767","21,565",27.9,28,97,96,1,3,13,"$31,132,000 ",2:50,,,,"Lachemann, Rojas and Boles",1996
HOU,"1,975,888","24,394",28.2,28.5,92,91,2,2,12,"$28,487,000 ",2:54,,,,Collins,1996
KCR,"1,435,997","17,950",27.1,29,99,99,0,1,8,"$20,281,250 ",2:49,,,,Boone,1996
LAD,"3,188,454","39,364",27.9,28.2,93,92,1,2,8,"$35,355,000 ",2:56,,,,Lasorda and Russell,1996
MIL,"1,327,155","16,385",27.8,27.2,103,104,0,1,11,"$21,730,000 ",3:02,,,,Garner,1996
MIN,"1,437,352","17,529",28.6,25.8,101,102,1,1,9,"$23,117,000 ",2:56,,,,Kelly,1996
MON,"1,616,709","19,959",27.4,27.5,102,102,2,3,9,"$16,264,500 ",2:53,,,,Alou,1996
NYM,"1,588,323","19,609",27.2,27.4,95,95,0,2,11,"$24,479,500 ",2:47,,,,Green and Valentine,1996
NYY,"2,250,877","28,136",30.1,29.3,101,100,2,3,23,"$54,191,792 ",3:03,,,,Torre,1996
OAK,"1,148,380","14,178",28.2,27.1,101,102,0,1,6,"$21,243,000 ",2:59,,,,Howe,1996
PHI,"1,801,677","22,243",28.4,27.7,99,101,0,1,12,"$34,314,500 ",2:47,,,,Fregosi,1996
PIT,"1,332,150","16,652",28.8,27.9,103,104,0,1,9,"$23,017,500 ",2:49,,,,Leyland,1996
SDP,"2,187,886","27,011",30.9,28.7,94,94,3,2,11,"$28,348,172 ",2:54,,,,Bochy,1996
SEA,"2,723,850","33,628",28.7,27.8,99,99,2,5,12,"$41,328,501 ",3:02,,,,Piniella,1996
SFG,"1,413,922","17,243",28.9,28.4,95,96,0,2,7,"$37,144,725 ",2:53,,,,Baker,1996
STL,"2,654,718","32,774",30.7,30.9,99,99,2,1,14,"$40,269,667 ",2:52,,,,La Russa,1996
TEX,"2,889,020","35,667",29.4,30.5,105,105,1,2,13,"$39,041,528 ",3:01,,,,Oates,1996
TOR,"2,559,573","31,600",28.6,28.3,99,100,0,1,12,"$30,555,083 ",2:49,,,,Gaston,1996
ATL,"2,561,831","35,581",27.9,27.4,103,101,4,2,16,"$47,235,445 ",2:41,,,,Cox,1995
BAL,"3,098,475","43,034",30,29.3,102,101,1,1,18,"$43,942,521 ",3:03,,,,Regan,1995
BOS,"2,164,410","30,061",28.6,29.1,103,103,0,2,11,"$32,455,518 ",2:57,,,,Kennedy,1995
CAL,"1,748,680","24,287",28.8,30.7,99,99,0,4,11,"$31,223,171 ",3:05,,,,Lachemann,1995
CHC,"1,918,265","26,643",28.3,27.8,97,97,0,3,9,"$29,505,834 ",2:54,,,,Riggleman,1995
CHW,"1,609,773","22,358",29.5,27.6,96,95,2,1,17,"$46,961,282 ",3:00,,,,Lamont and Bevington,1995
CIN,"1,837,649","25,523",28.4,28.3,99,98,1,4,13,"$43,144,670 ",2:48,,,,Johnson,1995
CLE,"2,842,745","39,483",29,30.6,101,99,3,6,18,"$38,057,835 ",3:02,,,,Hargrove,1995
COL,"3,390,037","47,084",29.5,28.6,128,128,0,2,10,"$34,154,717 ",2:52,,,,Baylor,1995
DET,"1,180,979","16,402",28.8,27.8,100,102,1,1,11,"$37,044,168 ",2:55,,,,Anderson,1995
FLA,"1,700,466","23,950",28.1,28.3,100,100,1,1,8,"$24,515,781 ",2:49,,,,Lachemann,1995
HOU,"1,363,801","18,942",28.1,27.9,92,92,2,1,13,"$34,169,834 ",3:00,,,,Collins,1995
KCR,"1,233,530","17,132",29.1,28,101,101,0,1,13,"$29,532,834 ",2:52,,,,Boone,1995
LAD,"2,766,251","38,420",27.4,27.7,91,90,1,5,11,"$39,273,201 ",2:54,,,,Lasorda,1995
MIL,"1,087,560","15,105",27.9,27.3,105,105,0,1,10,"$17,798,825 ",2:57,,,,Garner,1995
MIN,"1,057,667","14,690",27.4,25.7,101,102,1,1,8,"$25,410,500 ",2:54,,,,Kelly,1995
MON,"1,309,618","18,189",26.2,27.6,103,103,1,1,12,"$12,473,000 ",2:49,,,,Alou,1995
NYM,"1,273,183","17,683",27.4,27.2,96,96,0,1,13,"$27,674,992 ",2:49,,,,Green,1995
NYY,"1,705,263","23,360",31.1,28.1,99,98,1,3,20,"$48,874,851 ",3:01,,,,Showalter,1995
OAK,"1,174,310","16,310",29.5,30.9,91,91,2,2,13,"$37,739,225 ",3:01,,,,La Russa,1995
PHI,"2,043,598","28,383",29.7,27.1,99,100,0,5,16,"$30,555,945 ",2:48,,,,Fregosi,1995
PIT,"905,517","12,577",28.3,26.4,101,102,0,1,6,"$18,355,345 ",2:47,,,,Leyland,1995
SDP,"1,041,805","14,470",28.8,26.6,97,97,2,1,9,"$26,382,334 ",2:46,,,,Bochy,1995
SEA,"1,643,203","22,510",28.8,28.8,101,101,2,4,12,"$36,481,311 ",3:02,,,,Piniella,1995
SFG,"1,241,500","17,243",28.8,28.6,95,96,0,2,8,"$36,462,777 ",2:51,,,,Baker,1995
STL,"1,756,727","24,399",28.7,30.2,98,99,1,2,11,"$37,101,000 ",2:42,,,,Torre and Jorgensen,1995
TEX,"1,985,910","27,582",29.1,30.6,103,103,1,2,10,"$34,581,451 ",2:59,,,,Oates,1995
TOR,"2,826,483","39,257",28.9,28.7,99,100,2,1,15,"$50,590,000 ",3:00,,,,Gaston,1995
ATL,"2,539,240","46,168",28.2,27.4,102,100,3,3,15,"$49,383,513 ",2:48,,,,Cox,1994
BAL,"2,535,359","46,097",30.2,29.1,105,104,1,3,13,"$38,849,769 ",3:11,,,,Oates,1994
BOS,"1,775,818","27,747",29.8,30.2,104,104,1,1,10,"$37,859,084 ",3:06,,,,Hobson,1994
CAL,"1,512,622","24,010",27.7,28.9,100,101,0,1,9,"$25,156,218 ",3:04,,,,Rodgers and Lachemann,1994
CHC,"1,845,208","31,275",28.2,28.3,99,99,1,1,10,"$36,287,333 ",2:54,,,,Trebelhorn,1994
CHW,"1,697,398","32,026",29.9,28.2,98,97,2,3,13,"$39,183,836 ",3:05,,,,Lamont,1994
CIN,"1,897,681","31,628",28.5,27.2,99,99,1,2,11,"$41,073,833 ",2:53,,,,Johnson,1994
CLE,"1,995,174","39,121",28.3,30.7,98,97,3,2,14,"$30,490,500 ",3:08,,,,Hargrove,1994
COL,"3,281,511","57,570",29.7,28,117,118,0,1,9,"$23,887,333 ",2:54,,,,Baylor,1994
DET,"1,184,783","20,427",30.8,31.2,100,101,1,2,11,"$41,446,501 ",3:09,,,,Anderson,1994
FLA,"1,937,467","32,838",27.6,29,102,103,0,1,8,"$21,633,000 ",2:50,,,,Lachemann,1994
HOU,"1,561,136","26,460",27.8,27.2,95,94,2,5,15,"$33,126,000 ",2:54,,,,Collins,1994
KCR,"1,400,494","23,737",30.1,28,103,104,0,1,11,"$40,541,334 ",2:52,,,,McRae,1994
LAD,"2,279,355","41,443",28.7,30,94,93,1,1,11,"$38,000,001 ",2:59,,,,Lasorda,1994
MIL,"1,268,399","22,650",27.9,28.3,104,104,0,1,10,"$24,350,500 ",3:03,,,,Garner,1994
MIN,"1,398,565","23,704",28.9,28.1,100,101,2,2,7,"$28,438,500 ",2:57,,,,Kelly,1994
MON,"1,276,250","24,543",26.2,26.2,101,100,1,5,11,"$19,098,000 ",2:58,,,,Alou,1994
NYM,"1,151,471","21,726",27.8,28.6,99,99,0,1,10,"$30,956,583 ",2:52,,,,Green,1994
NYY,"1,675,556","29,396",30.5,29.8,96,95,1,3,12,"$46,040,334 ",3:06,,,,Showalter,1994
OAK,"1,242,692","22,191",29.2,29.8,91,92,2,1,12,"$34,172,500 ",3:01,,,,La Russa,1994
PHI,"2,290,971","38,183",29.8,29.3,102,102,0,4,15,"$31,599,000 ",2:51,,,,Fregosi,1994
PIT,"1,222,520","20,041",29.1,27.2,101,102,0,1,7,"$24,217,250 ",2:45,,,,Leyland,1994
SDP,"953,857","16,734",27.2,26.8,97,98,2,1,7,"$14,916,333 ",2:51,,,,Riggleman,1994
SEA,"1,104,206","25,096",27.4,27.1,101,101,3,2,10,"$29,228,500 ",2:57,,,,Piniella,1994
SFG,"1,704,608","28,410",28.4,28.5,94,94,0,3,9,"$42,638,666 ",2:53,,,,Baker,1994
STL,"1,866,544","33,331",28.9,29.4,98,98,1,2,8,"$29,275,601 ",2:51,,,,Torre,1994
TEX,"2,503,198","39,733",27.4,29,99,100,1,2,14,"$32,973,597 ",3:12,,,,Kennedy,1994
TOR,"2,907,933","49,287",29.3,29,100,100,2,4,14,"$43,433,668 ",2:58,,,,Gaston,1994
ATL,"3,884,720","47,960",28.8,26.8,100,99,4,5,17,"$41,641,417 ",2:49,,,,Cox,1993
BAL,"3,644,965","45,000",29.4,28.4,104,103,1,2,13,"$29,096,500 ",3:03,,,,Oates,1993
BOS,"2,422,021","29,901",29.6,30.6,106,107,1,1,11,"$37,120,583 ",2:59,,,,Hobson,1993
CAL,"2,057,460","25,401",27.2,28.8,102,103,0,1,10,"$28,588,334 ",2:53,,,,Rodgers,1993
CHC,"2,653,763","32,363",28,28.3,97,97,1,2,10,"$39,386,666 ",2:43,,,,Lefebvre,1993
CHW,"2,581,091","31,865",28.9,26.6,98,97,3,2,18,"$39,696,166 ",2:53,,,,Lamont,1993
CIN,"2,453,232","30,287",28.4,27.9,100,99,1,2,13,"$44,879,666 ",2:41,,,,Perez and Johnson,1993
CLE,"2,177,908","26,888",27.2,27.3,100,100,1,2,11,"$18,561,000 ",2:56,,,,Hargrove,1993
COL,"4,483,350","55,350",27.7,27.1,116,118,0,1,9,"$10,353,500 ",2:51,,,,Baylor,1993
DET,"1,971,421","24,339",30.8,30.1,99,99,1,2,9,"$38,150,165 ",3:07,,,,Anderson,1993
FLA,"3,064,847","37,838",27.7,29.7,104,105,1,2,10,"$19,330,545 ",2:52,,,,Lachemann,1993
HOU,"2,084,618","25,736",27.1,28.3,95,95,2,1,13,"$30,210,500 ",2:48,,,,Howe,1993
KCR,"1,934,578","23,884",30.1,27.4,106,106,1,1,11,"$41,455,167 ",2:48,,,,McRae,1993
LAD,"3,170,393","39,141",28.8,29.1,94,94,2,1,14,"$39,440,999 ",2:57,,,,Lasorda,1993
MIL,"1,688,080","20,840",28.5,27.3,99,98,1,1,12,"$23,806,834 ",2:55,,,,Garner,1993
MIN,"2,048,673","25,292",29.7,27.5,100,100,2,2,7,"$28,217,933 ",2:50,,,,Kelly,1993
MON,"1,641,437","20,265",25.7,27.9,104,103,0,1,12,"$18,899,333 ",2:52,,,,Alou,1993
NYM,"1,873,183","23,126",29.4,29.2,98,99,1,1,14,"$39,043,667 ",2:44,,,,Torborg and Green,1993
NYY,"2,416,942","29,839",29.7,28.9,97,96,1,2,14,"$42,723,000 ",2:58,,,,Showalter,1993
OAK,"2,035,025","25,124",28,30.9,94,94,3,1,13,"$37,812,333 ",3:02,,,,La Russa,1993
PHI,"3,137,674","38,737",29.3,28.8,98,98,0,4,14,"$28,538,334 ",2:54,,,,Fregosi,1993
PIT,"1,650,593","20,378",28.1,27.6,99,99,0,2,10,"$24,822,467 ",2:44,,,,Leyland,1993
SDP,"1,375,432","16,981",26.9,26.7,101,102,2,2,10,"$25,511,333 ",2:47,,,,Riggleman,1993
SEA,"2,052,638","25,341",27.9,28.3,101,101,2,2,13,"$33,646,333 ",2:52,,,,Piniella,1993
SFG,"2,606,354","32,177",28,28.5,96,96,0,4,11,"$35,159,000 ",2:51,,,,Baker,1993
STL,"2,844,977","35,123",28,28.7,97,97,1,2,8,"$23,367,334 ",2:45,,,,Torre,1993
TEX,"2,244,616","27,711",27.6,30.3,96,96,2,2,13,"$36,376,959 ",2:58,,,,Kennedy,1993
TOR,"4,057,947","50,098",29.2,29.5,101,100,4,7,18,"$47,279,166 ",2:55,,,,Gaston,1993
ATL,"3,077,400","37,993",28.4,27.5,107,105,2,4,16,"$34,625,333 ",2:50,,,,Cox,1992
BAL,"3,567,819","44,047",28.4,27.9,101,101,1,3,9,"$23,891,667 ",3:04,,,,Oates,1992
BOS,"2,468,574","30,476",28.7,31.5,106,106,1,2,13,"$43,610,584 ",3:01,,,,Hobson,1992
CAL,"2,065,444","25,499",28.1,28.8,100,100,1,1,11,"$34,749,334 ",2:51,,,,Rodgers and Wathan,1992
CHC,"2,126,720","26,256",28.3,27.2,103,103,3,2,11,"$29,829,686 ",2:45,,,,Lefebvre,1992
CHW,"2,681,156","32,697",28.7,28.9,99,98,3,2,14,"$30,160,833 ",2:58,,,,Lamont,1992
CIN,"2,315,946","28,592",27.9,28.1,104,104,1,2,11,"$33,431,499 ",2:48,,,,Piniella,1992
CLE,"1,224,094","15,112",25.7,27,98,99,1,3,11,"$9,373,044 ",2:55,,,,Hargrove,1992
DET,"1,423,963","17,800",30,29.6,100,100,1,1,7,"$27,322,834 ",3:02,,,,Anderson,1992
HOU,"1,211,412","14,956",26.4,27.1,95,96,2,2,10,"$15,407,500 ",2:54,,,,Howe,1992
KCR,"1,867,689","23,058",28.9,27.1,102,102,1,1,13,"$33,893,834 ",2:47,,,,McRae,1992
LAD,"2,473,266","30,534",28.4,31.2,99,99,2,1,16,"$44,788,166 ",2:54,,,,Lasorda,1992
MIL,"1,857,351","22,930",29.7,27.5,98,98,2,1,12,"$31,013,667 ",2:57,,,,Garner,1992
MIN,"2,482,428","30,647",28.7,27.7,102,102,1,3,7,"$28,027,834 ",2:53,,,,Kelly,1992
MON,"1,669,127","20,607",27.4,28,100,99,1,2,12,"$15,822,334 ",2:54,,,,Runnells and Alou,1992
NYM,"1,779,534","21,970",30,28.2,99,100,1,1,14,"$44,602,002 ",2:56,,,,Torborg,1992
NYY,"1,748,737","21,589",28.2,29.5,99,99,0,1,11,"$37,652,334 ",3:00,,,,Showalter,1992
OAK,"2,494,160","30,792",30.1,32,94,94,3,3,20,"$41,035,000 ",3:03,,,,La Russa,1992
PHI,"1,927,448","23,796",27.7,26.8,100,100,0,2,12,"$24,492,834 ",2:48,,,,Fregosi,1992
PIT,"1,829,395","22,585",28.7,29.2,100,99,0,2,9,"$33,944,167 ",2:51,,,,Leyland,1992
SDP,"1,721,406","21,252",28.4,29.1,102,102,1,5,9,"$26,854,167 ",2:46,,,,Riddoch and Riggleman,1992
SEA,"1,651,367","20,387",28.3,27.4,100,100,2,2,12,"$23,304,833 ",2:54,,,,Plummer,1992
SFG,"1,560,998","19,272",28.1,28.2,95,95,0,1,10,"$33,163,168 ",2:51,,,,Craig,1992
STL,"2,418,483","29,858",28.6,28.7,97,97,1,4,12,"$27,583,836 ",2:51,,,,Torre,1992
TEX,"2,198,231","27,139",27.3,29.6,97,97,2,3,15,"$30,128,167 ",3:01,,,,Valentine and Harrah,1992
TOR,"4,028,318","49,732",29.3,30,104,103,3,3,20,"$44,788,666 ",3:00,,,,Gaston,1992
ATL,"2,140,217","26,422",28,27.1,106,106,2,1,14,"$18,403,500 ",2:52,,,,Cox,1991
BAL,"2,552,753","31,515",28.2,27.4,96,97,1,1,10,"$17,519,000 ",3:02,,,,Robinson and Oates,1991
BOS,"2,562,435","31,635",28.9,30.8,105,105,1,3,13,"$35,167,500 ",2:59,,,,Morgan,1991
CAL,"2,416,236","29,830",30.9,27.9,99,100,1,2,12,"$33,060,001 ",2:53,,,,Rader and Rodgers,1991
CHC,"2,314,250","27,883",28.9,27.5,104,105,3,3,11,"$23,380,667 ",2:51,,,,"Zimmer, Altobelli and Essian",1991
CHW,"2,934,154","36,224",27.8,26.7,98,97,3,3,15,"$16,919,667 ",3:07,,,,Torborg,1991
CIN,"2,372,377","29,289",28.2,27.6,104,104,1,5,12,"$26,305,333 ",2:48,,,,Piniella,1991
CLE,"1,051,863","12,828",25.5,26.8,101,102,1,1,10,"$17,635,000 ",2:46,,,,McNamara and Hargrove,1991
DET,"1,641,661","20,267",29.2,30.8,102,102,1,1,9,"$23,838,333 ",3:06,,,,Anderson,1991
HOU,"1,196,152","14,767",26.1,26.4,93,94,2,2,12,"$12,852,500 ",2:53,,,,Howe,1991
KCR,"2,161,537","26,686",28.6,27.6,100,101,1,1,12,"$26,319,834 ",2:55,,,,"Wathan, Schaefer and McRae",1991
LAD,"3,348,170","41,335",30.2,30.2,98,97,2,5,16,"$32,790,664 ",2:59,,,,Lasorda,1991
MIL,"1,478,729","18,484",30.3,27,98,98,2,1,9,"$23,115,500 ",2:57,,,,Trebelhorn,1991
MIN,"2,293,842","28,319",29.1,28.6,105,104,2,4,9,"$23,361,833 ",2:47,,,,Kelly,1991
MON,"934,742","13,746",27.7,28.4,99,99,0,2,8,"$10,732,333 ",2:53,,,,Rodgers and Runnells,1991
NYM,"2,284,484","27,860",29.1,28,99,99,0,2,14,"$32,590,001 ",2:54,,,,Harrelson and Cubbage,1991
NYY,"1,863,733","23,009",27.7,29.5,100,101,0,1,10,"$27,344,168 ",3:00,,,,Merrill,1991
OAK,"2,713,493","33,500",29.9,30.9,94,93,2,5,19,"$36,999,167 ",3:02,,,,La Russa,1991
PHI,"2,050,012","24,699",29,26.7,99,99,0,1,12,"$22,487,332 ",2:50,,,,Leyva and Fregosi,1991
PIT,"2,065,302","24,587",28.1,28.4,99,97,0,2,10,"$23,634,667 ",2:48,,,,Leyland,1991
SDP,"1,804,289","22,275",28,29,103,103,1,2,12,"$22,150,001 ",2:47,,,,Riddoch,1991
SEA,"2,147,905","26,517",28.1,27.5,100,100,2,1,10,"$15,691,833 ",2:54,,,,Lefebvre,1991
SFG,"1,737,478","21,450",28.4,28.9,96,97,0,1,17,"$30,967,666 ",2:50,,,,Craig,1991
STL,"2,448,699","29,151",28.5,29.4,100,100,1,3,11,"$21,860,001 ",2:45,,,,Torre,1991
TEX,"2,297,720","28,367",27.7,29,98,99,3,3,14,"$18,224,500 ",3:05,,,,Valentine,1991
TOR,"4,001,527","49,402",27.6,28.2,104,103,1,3,16,"$19,902,417 ",2:55,,,,Gaston and Tenace,1991
ATL,"980,129","12,100",27.4,25.8,105,106,2,1,13,"$15,065,501 ",2:48,,,,Nixon and Cox,1990
BAL,"2,415,189","30,190",27.4,26.2,97,97,1,2,10,"$10,100,084 ",3:03,,,,Robinson,1990
BOS,"2,528,986","31,222",28.9,30.6,104,104,1,3,13,"$20,858,333 ",2:58,,,,Morgan,1990
CAL,"2,555,688","31,552",29.9,28.1,97,97,2,2,17,"$22,417,500 ",2:58,,,,Rader,1990
CHC,"2,243,791","27,701",28.2,26.1,108,108,3,3,8,"$14,599,000 ",2:44,,,,Zimmer,1990
CHW,"2,002,357","25,029",27.7,24.9,98,98,2,2,11,"$10,721,500 ",3:01,,,,Torborg,1990
CIN,"2,400,892","29,641",27.5,27.4,105,105,1,5,13,"$14,470,000 ",2:42,,,,Piniella,1990
CLE,"1,225,240","15,126",27.3,28.1,99,100,0,3,10,"$15,208,000 ",2:45,,,,McNamara,1990
DET,"1,495,785","18,466",30.7,30.4,101,102,2,2,12,"$18,393,238 ",2:59,,,,Anderson,1990
HOU,"1,310,927","16,184",28.4,31.8,97,98,1,1,11,"$18,752,500 ",2:48,,,,Howe,1990
KCR,"2,244,956","27,716",29.8,27.3,98,98,1,1,18,"$24,161,084 ",2:50,,,,Wathan,1990
LAD,"3,002,396","37,067",29.7,28.2,97,97,1,2,16,"$22,018,704 ",2:51,,,,Lasorda,1990
MIL,"1,752,900","21,641",29.5,28.6,99,99,2,1,8,"$20,149,167 ",2:56,,,,Trebelhorn,1990
MIN,"1,751,584","21,624",29.5,27.1,106,106,1,1,6,"$15,272,000 ",2:41,,,,Kelly,1990
MON,"1,373,087","16,952",27.7,29.3,96,96,1,2,9,"$17,334,888 ",2:54,,,,Rodgers,1990
NYM,"2,732,745","33,738",27.5,28,100,99,0,3,13,"$21,922,834 ",2:52,,,,Johnson and Harrelson,1990
NYY,"2,006,436","24,771",28.2,29.1,100,101,1,1,10,"$21,312,318 ",2:57,,,,Dent and Merrill,1990
OAK,"2,900,217","35,805",29.1,31.7,95,94,2,5,19,"$20,087,501 ",2:54,,,,La Russa,1990
PHI,"1,992,484","24,599",28.6,26.5,99,100,0,1,12,"$13,740,167 ",2:52,,,,Leyva,1990
PIT,"2,049,908","25,308",27.7,28.9,96,95,0,3,12,"$15,556,000 ",2:48,,,,Leyland,1990
SDP,"1,856,396","22,918",28.7,29.5,101,101,2,3,13,"$17,788,334 ",2:46,,,,McKeon and Riddoch,1990
SEA,"1,509,727","18,639",27.9,26.9,100,100,2,2,12,"$12,867,667 ",2:52,,,,Lefebvre,1990
SFG,"1,975,528","24,389",29.1,29.5,96,96,1,4,17,"$21,565,333 ",2:50,,,,Craig,1990
STL,"2,573,225","31,768",29.4,29.8,100,100,1,1,12,"$21,048,334 ",2:47,,,,"Herzog, Schoendienst and Torre",1990
TEX,"2,057,911","25,096",27.5,30.3,100,100,1,1,12,"$15,597,872 ",2:57,,,,Valentine,1990
TOR,"3,885,284","47,966",26.9,29,106,105,0,3,14,"$19,259,334 ",2:56,,,,Gaston,1990
